caseid,task,user,time:timestamp,start:timestamp,role,ac_index,rl_index
118451,Traer informacion estudiante - banner,3108,2016-05-13 23:54:38,2016-05-13 23:54:38,Role 1,10.0,1.0
118451,Radicar Solicitud Homologacion,3108,2016-05-13 23:55:06,2016-05-13 23:54:44,Role 1,7.0,1.0
118451,Validar solicitud,677,2016-05-14 00:19:57,2016-05-14 00:17:24,Role 3,14.0,6.0
118451,Homologacion por grupo de cursos,3445,2016-05-16 18:54:56,2016-05-16 16:50:33,Role 2,5.0,5.0
118901,Cancelar Solicitud,6844,2016-05-16 13:28:18,2016-05-16 13:28:18,Role 1,2.0,1.0
118901,Notificacion estudiante cancelacion soli,6844,2016-05-16 13:30:51,2016-05-16 13:30:51,Role 1,6.0,1.0
118901,Traer informacion estudiante - banner,6844,2016-05-16 14:48:06,2016-05-16 14:48:06,Role 1,10.0,1.0
118901,Radicar Solicitud Homologacion,6844,2016-05-16 14:48:14,2016-05-16 14:48:14,Role 1,7.0,1.0
119053,Traer informacion estudiante - banner,11993,2016-05-16 20:42:36,2016-05-16 20:42:36,Role 1,10.0,1.0
119053,Radicar Solicitud Homologacion,11993,2016-05-16 21:51:37,2016-05-16 20:42:40,Role 1,7.0,1.0
119053,Cancelar Solicitud,186,2016-05-27 18:50:47,2016-05-27 16:57:26,Role 3,2.0,6.0
119053,Notificacion estudiante cancelacion soli,186,2016-06-20 18:18:35,2016-06-20 18:18:35,Role 3,6.0,6.0
119054,Traer informacion estudiante - banner,7717,2016-05-16 20:59:18,2016-05-16 20:59:18,Role 1,10.0,1.0
119054,Radicar Solicitud Homologacion,7717,2016-05-16 20:59:20,2016-05-16 20:59:20,Role 1,7.0,1.0
119054,Cancelar Solicitud,19019,2016-05-16 21:12:46,2016-05-16 21:12:31,Role 3,2.0,6.0
119054,Notificacion estudiante cancelacion soli,19019,2016-05-16 22:15:49,2016-05-16 22:15:49,Role 3,6.0,6.0
119153,Traer informacion estudiante - banner,19591,2016-05-17 01:18:33,2016-05-17 01:18:33,Role 1,10.0,1.0
119153,Radicar Solicitud Homologacion,19591,2016-05-17 02:44:07,2016-05-17 01:18:35,Role 1,7.0,1.0
119153,Validar solicitud,186,2016-06-01 23:15:43,2016-06-01 22:51:35,Role 3,14.0,6.0
119153,Homologacion por grupo de cursos,186,2016-06-08 00:11:23,2016-06-07 23:00:24,Role 3,5.0,6.0
119403,Traer informacion estudiante - banner,22950,2016-05-17 21:25:40,2016-05-17 21:25:40,Role 1,10.0,1.0
119403,Radicar Solicitud Homologacion,22950,2016-05-17 21:37:41,2016-05-17 21:25:41,Role 1,7.0,1.0
119403,Cancelar Solicitud,22404,2016-05-19 05:24:54,2016-05-19 04:58:24,Role 3,2.0,6.0
119403,Notificacion estudiante cancelacion soli,22404,2016-05-24 18:30:53,2016-05-24 18:30:53,Role 3,6.0,6.0
119404,Traer informacion estudiante - banner,22950,2016-05-17 21:25:59,2016-05-17 21:25:59,Role 1,10.0,1.0
119404,Radicar Solicitud Homologacion,22950,2016-05-17 22:35:51,2016-05-17 21:26:00,Role 1,7.0,1.0
119404,Validar solicitud,22404,2016-05-31 18:05:59,2016-05-31 17:51:16,Role 3,14.0,6.0
119404,Homologacion por grupo de cursos,4560,2016-06-02 19:11:45,2016-06-02 16:34:49,Role 2,5.0,5.0
119451,Traer informacion estudiante - banner,9379,2016-05-17 19:08:51,2016-05-17 19:08:51,Role 1,10.0,1.0
119451,Radicar Solicitud Homologacion,9379,2016-05-17 20:49:48,2016-05-17 19:08:57,Role 1,7.0,1.0
119451,Notificacion estudiante cancelacion soli,1,2016-06-16 00:24:19,2016-06-16 00:24:19,Role 6,6.0,9.0
119656,Traer informacion estudiante - banner,11775,2016-05-18 21:56:02,2016-05-18 21:56:02,Role 1,10.0,1.0
119656,Radicar Solicitud Homologacion,11775,2016-05-18 21:56:03,2016-05-18 21:56:03,Role 1,7.0,1.0
119656,Validar solicitud,22475,2016-05-18 21:59:26,2016-05-18 21:59:20,Role 3,14.0,6.0
119656,Homologacion por grupo de cursos,22475,2016-05-18 23:48:20,2016-05-18 22:06:20,Role 3,5.0,6.0
119802,Traer informacion estudiante - banner,11611,2016-05-19 02:36:58,2016-05-19 02:36:58,Role 1,10.0,1.0
119802,Radicar Solicitud Homologacion,11611,2016-05-19 02:36:59,2016-05-19 02:36:59,Role 1,7.0,1.0
119802,Validar solicitud,19019,2016-05-19 02:52:12,2016-05-19 02:44:12,Role 3,14.0,6.0
119802,Homologacion por grupo de cursos,19019,2016-05-20 14:17:58,2016-05-20 14:12:00,Role 3,5.0,6.0
119901,Traer informacion estudiante - banner,8661,2016-05-19 17:37:13,2016-05-19 17:37:13,Role 1,10.0,1.0
119901,Radicar Solicitud Homologacion,8661,2016-05-19 17:45:07,2016-05-19 17:37:14,Role 1,7.0,1.0
119901,Cancelar Solicitud,8661,2016-05-20 17:36:47,2016-05-20 17:30:18,Role 1,2.0,1.0
119901,Notificacion estudiante cancelacion soli,8661,2016-05-23 02:03:13,2016-05-23 02:03:13,Role 1,6.0,1.0
119902,Traer informacion estudiante - banner,4148,2016-05-19 17:52:54,2016-05-19 17:52:54,Role 1,10.0,1.0
119902,Radicar Solicitud Homologacion,4148,2016-05-19 17:53:14,2016-05-19 17:52:55,Role 1,7.0,1.0
119902,Validar solicitud,2292,2016-05-19 18:23:06,2016-05-19 18:12:05,Role 3,14.0,6.0
119902,Homologacion por grupo de cursos,2292,2016-05-21 00:08:28,2016-05-20 23:13:30,Role 3,5.0,6.0
119953,Traer informacion estudiante - banner,3603,2016-05-19 16:13:39,2016-05-19 16:13:39,Role 1,10.0,1.0
119953,Radicar Solicitud Homologacion,3603,2016-05-19 16:13:55,2016-05-19 16:13:40,Role 1,7.0,1.0
119953,Cancelar Solicitud,3603,2016-05-19 16:28:48,2016-05-19 16:28:42,Role 1,2.0,1.0
119953,Notificacion estudiante cancelacion soli,3603,2016-05-19 16:35:19,2016-05-19 16:35:19,Role 1,6.0,1.0
119955,Traer informacion estudiante - banner,3603,2016-05-19 16:34:56,2016-05-19 16:34:56,Role 1,10.0,1.0
119955,Radicar Solicitud Homologacion,3603,2016-05-19 16:35:04,2016-05-19 16:34:56,Role 1,7.0,1.0
119955,Cancelar Solicitud,3603,2016-05-19 16:43:42,2016-05-19 16:43:40,Role 1,2.0,1.0
119955,Notificacion estudiante cancelacion soli,3603,2016-05-19 16:46:04,2016-05-19 16:46:04,Role 1,6.0,1.0
120101,Traer informacion estudiante - banner,17807,2016-05-20 03:34:26,2016-05-20 03:34:26,Role 1,10.0,1.0
120101,Radicar Solicitud Homologacion,17807,2016-05-20 03:34:31,2016-05-20 03:34:31,Role 1,7.0,1.0
120101,Cancelar Solicitud,22404,2016-05-20 15:34:39,2016-05-20 15:33:45,Role 3,2.0,6.0
120101,Notificacion estudiante cancelacion soli,22404,2016-05-20 16:54:48,2016-05-20 16:54:48,Role 3,6.0,6.0
120151,Traer informacion estudiante - banner,2391,2016-05-20 04:28:32,2016-05-20 04:28:32,Role 1,10.0,1.0
120151,Radicar Solicitud Homologacion,2391,2016-05-20 04:28:37,2016-05-20 04:28:37,Role 1,7.0,1.0
120151,Validar solicitud,18929,2016-05-20 04:54:55,2016-05-20 04:51:55,Role 3,14.0,6.0
120151,Homologacion por grupo de cursos,957,2016-05-20 20:07:24,2016-05-20 19:00:23,Role 2,5.0,5.0
120201,Traer informacion estudiante - banner,11571,2016-05-20 02:55:23,2016-05-20 02:55:23,Role 1,10.0,1.0
120201,Radicar Solicitud Homologacion,11571,2016-05-20 03:01:14,2016-05-20 02:55:27,Role 1,7.0,1.0
120201,Validar solicitud,22404,2016-05-20 23:49:43,2016-05-20 23:47:31,Role 3,14.0,6.0
120201,Homologacion por grupo de cursos,22404,2016-05-23 15:35:08,2016-05-23 14:57:40,Role 3,5.0,6.0
120303,Traer informacion estudiante - banner,11314,2016-05-20 16:06:57,2016-05-20 16:06:57,Role 1,10.0,1.0
120303,Radicar Solicitud Homologacion,11314,2016-05-20 16:18:09,2016-05-20 16:07:00,Role 1,7.0,1.0
120303,Validar solicitud,6400,2016-05-23 19:29:33,2016-05-23 19:16:50,Role 3,14.0,6.0
120303,Cancelar Solicitud,11314,2016-05-23 19:29:33,2016-05-23 19:16:50,Role 1,2.0,1.0
120303,Notificacion estudiante cancelacion soli,11314,2016-05-25 15:53:58,2016-05-25 15:53:58,Role 1,6.0,1.0
120351,Homologacion por grupo de cursos,957,2016-05-20 18:30:06,2016-05-20 17:21:26,Role 2,5.0,5.0
120351,Traer informacion estudiante - banner,2391,2016-05-20 19:16:14,2016-05-20 19:16:14,Role 1,10.0,1.0
120351,Radicar Solicitud Homologacion,2391,2016-05-20 19:16:23,2016-05-20 19:16:20,Role 1,7.0,1.0
120351,Validar solicitud,18929,2016-05-20 19:19:43,2016-05-20 19:19:43,Role 3,14.0,6.0
120353,Traer informacion estudiante - banner,7599,2016-05-20 19:43:50,2016-05-20 19:43:50,Role 1,10.0,1.0
120353,Radicar Solicitud Homologacion,7599,2016-05-20 19:43:58,2016-05-20 19:43:51,Role 1,7.0,1.0
120353,Cancelar Solicitud,22475,2016-05-20 19:51:18,2016-05-20 19:51:15,Role 3,2.0,6.0
120353,Notificacion estudiante cancelacion soli,22475,2016-05-20 19:54:59,2016-05-20 19:54:59,Role 3,6.0,6.0
120355,Traer informacion estudiante - banner,7599,2016-05-20 19:54:27,2016-05-20 19:54:27,Role 1,10.0,1.0
120355,Radicar Solicitud Homologacion,7599,2016-05-20 19:54:33,2016-05-20 19:54:28,Role 1,7.0,1.0
120355,Notificacion estudiante cancelacion soli,22475,2016-05-20 19:55:18,2016-05-20 19:55:18,Role 3,6.0,6.0
120355,Cancelar Solicitud,22475,2016-05-20 20:00:25,2016-05-20 20:00:25,Role 3,2.0,6.0
120356,Notificacion estudiante cancelacion soli,22475,2016-05-20 19:55:33,2016-05-20 19:55:33,Role 3,6.0,6.0
120356,Traer informacion estudiante - banner,7599,2016-05-20 20:10:08,2016-05-20 20:10:08,Role 1,10.0,1.0
120356,Radicar Solicitud Homologacion,7599,2016-05-20 20:10:09,2016-05-20 20:10:09,Role 1,7.0,1.0
120356,Cancelar Solicitud,22475,2016-05-20 20:24:19,2016-05-20 20:24:19,Role 3,2.0,6.0
120357,Notificacion estudiante cancelacion soli,22475,2016-05-20 19:55:56,2016-05-20 19:55:56,Role 3,6.0,6.0
120357,Traer informacion estudiante - banner,7599,2016-05-20 20:25:22,2016-05-20 20:25:22,Role 1,10.0,1.0
120357,Radicar Solicitud Homologacion,7599,2016-05-20 20:25:23,2016-05-20 20:25:23,Role 1,7.0,1.0
120357,Cancelar Solicitud,22475,2016-05-20 20:38:20,2016-05-20 20:38:20,Role 3,2.0,6.0
120359,Cancelar Solicitud,22475,2016-05-20 19:13:36,2016-05-20 19:12:53,Role 3,2.0,6.0
120359,Notificacion estudiante cancelacion soli,22475,2016-05-20 19:56:08,2016-05-20 19:56:08,Role 3,6.0,6.0
120359,Traer informacion estudiante - banner,7599,2016-05-20 20:44:11,2016-05-20 20:44:11,Role 1,10.0,1.0
120359,Radicar Solicitud Homologacion,7599,2016-05-20 20:44:12,2016-05-20 20:44:12,Role 1,7.0,1.0
120362,Traer informacion estudiante - banner,6572,2016-05-20 22:19:54,2016-05-20 22:19:54,Role 1,10.0,1.0
120362,Radicar Solicitud Homologacion,6572,2016-05-20 22:20:00,2016-05-20 22:19:55,Role 1,7.0,1.0
120362,Validar solicitud,677,2016-05-20 22:40:58,2016-05-20 22:25:24,Role 3,14.0,6.0
120362,Cancelar Solicitud,6572,2016-05-20 23:40:58,2016-05-20 22:25:24,Role 1,2.0,1.0
120362,Notificacion estudiante cancelacion soli,6572,2016-06-06 22:04:41,2016-06-06 22:04:41,Role 1,6.0,1.0
120364,Traer informacion estudiante - banner,11571,2016-05-20 23:47:49,2016-05-20 23:47:49,Role 1,10.0,1.0
120364,Radicar Solicitud Homologacion,11571,2016-05-20 23:47:54,2016-05-20 23:47:51,Role 1,7.0,1.0
120364,Cancelar Solicitud,22404,2016-05-20 23:54:24,2016-05-20 23:51:05,Role 3,2.0,6.0
120364,Notificacion estudiante cancelacion soli,22404,2016-05-23 17:11:04,2016-05-23 17:11:04,Role 3,6.0,6.0
120751,Traer informacion estudiante - banner,15547,2016-05-22 00:49:29,2016-05-22 00:49:29,Role 1,10.0,1.0
120751,Radicar Solicitud Homologacion,15547,2016-05-22 00:49:33,2016-05-22 00:49:33,Role 1,7.0,1.0
120751,Notificacion estudiante cancelacion soli,1,2016-06-02 00:24:22,2016-06-02 00:24:22,Role 6,6.0,9.0
120801,Traer informacion estudiante - banner,17872,2016-05-21 22:53:51,2016-05-21 22:53:51,Role 1,10.0,1.0
120801,Radicar Solicitud Homologacion,17872,2016-05-21 22:53:55,2016-05-21 22:53:55,Role 1,7.0,1.0
120801,Cancelar Solicitud,22404,2016-05-21 23:41:21,2016-05-21 23:26:45,Role 3,2.0,6.0
120801,Notificacion estudiante cancelacion soli,22404,2016-05-25 00:36:33,2016-05-25 00:36:33,Role 3,6.0,6.0
120851,Traer informacion estudiante - banner,8203,2016-05-22 02:35:55,2016-05-22 02:35:55,Role 1,10.0,1.0
120851,Radicar Solicitud Homologacion,8203,2016-05-22 02:36:01,2016-05-22 02:36:01,Role 1,7.0,1.0
120851,Notificacion estudiante cancelacion soli,1,2016-06-02 00:24:23,2016-06-02 00:24:23,Role 6,6.0,9.0
120901,Traer informacion estudiante - banner,7628,2016-05-22 18:02:15,2016-05-22 18:02:15,Role 1,10.0,1.0
120901,Radicar Solicitud Homologacion,7628,2016-05-22 18:02:21,2016-05-22 18:02:21,Role 1,7.0,1.0
120901,Validar solicitud,677,2016-05-22 20:48:50,2016-05-22 20:43:11,Role 3,14.0,6.0
120901,Homologacion por grupo de cursos,677,2016-05-23 23:39:13,2016-05-23 23:39:10,Role 3,5.0,6.0
120951,Traer informacion estudiante - banner,9483,2016-05-22 20:18:44,2016-05-22 20:18:44,Role 1,10.0,1.0
120951,Radicar Solicitud Homologacion,9483,2016-05-22 20:18:49,2016-05-22 20:18:49,Role 1,7.0,1.0
120951,Validar solicitud,677,2016-05-22 20:39:39,2016-05-22 20:27:39,Role 3,14.0,6.0
120951,Homologacion por grupo de cursos,677,2016-05-24 21:08:13,2016-05-24 21:08:13,Role 3,5.0,6.0
120952,Traer informacion estudiante - banner,4441,2016-05-22 20:34:36,2016-05-22 20:34:36,Role 1,10.0,1.0
120952,Radicar Solicitud Homologacion,4441,2016-05-22 20:34:37,2016-05-22 20:34:37,Role 1,7.0,1.0
120952,Validar solicitud,677,2016-05-22 21:02:02,2016-05-22 20:50:02,Role 3,14.0,6.0
120952,Homologacion por grupo de cursos,3445,2016-05-24 21:33:32,2016-05-24 21:10:26,Role 2,5.0,5.0
121101,Traer informacion estudiante - banner,8661,2016-05-23 02:03:42,2016-05-23 02:03:42,Role 1,10.0,1.0
121101,Radicar Solicitud Homologacion,8661,2016-05-23 02:03:47,2016-05-23 02:03:47,Role 1,7.0,1.0
121101,Cancelar Solicitud,294,2016-05-23 05:11:25,2016-05-23 02:08:30,Role 3,2.0,6.0
121101,Notificacion estudiante cancelacion soli,294,2016-06-25 00:55:01,2016-06-25 00:55:01,Role 3,6.0,6.0
121102,Traer informacion estudiante - banner,8661,2016-05-23 02:09:17,2016-05-23 02:09:17,Role 1,10.0,1.0
121102,Radicar Solicitud Homologacion,8661,2016-05-23 02:09:18,2016-05-23 02:09:18,Role 1,7.0,1.0
121102,Cancelar Solicitud,294,2016-05-23 05:14:03,2016-05-23 02:11:06,Role 3,2.0,6.0
121102,Notificacion estudiante cancelacion soli,294,2016-06-25 00:57:09,2016-06-25 00:57:09,Role 3,6.0,6.0
121151,Traer informacion estudiante - banner,7039,2016-05-23 13:55:41,2016-05-23 13:55:41,Role 1,10.0,1.0
121151,Radicar Solicitud Homologacion,7039,2016-05-23 14:07:44,2016-05-23 13:55:47,Role 1,7.0,1.0
121151,Cancelar Solicitud,241,2016-05-24 21:25:35,2016-05-24 19:57:33,Role 3,2.0,6.0
121151,Notificacion estudiante cancelacion soli,241,2016-06-10 21:51:30,2016-06-10 21:51:30,Role 3,6.0,6.0
121202,Traer informacion estudiante - banner,22785,2016-05-23 15:40:33,2016-05-23 15:40:33,Role 1,10.0,1.0
121202,Radicar Solicitud Homologacion,22785,2016-05-23 15:40:40,2016-05-23 15:40:37,Role 1,7.0,1.0
121202,Validar solicitud,22475,2016-05-23 16:06:18,2016-05-23 16:03:57,Role 3,14.0,6.0
121202,Homologacion por grupo de cursos,22785,2016-05-23 18:26:59,2016-05-23 18:25:25,Role 1,5.0,1.0
121206,Traer informacion estudiante - banner,1860,2016-05-23 17:54:17,2016-05-23 17:54:17,Role 1,10.0,1.0
121206,Radicar Solicitud Homologacion,1860,2016-05-23 17:56:48,2016-05-23 17:54:17,Role 1,7.0,1.0
121206,Notificacion estudiante cancelacion soli,22475,2016-05-23 21:31:46,2016-05-23 21:31:46,Role 3,6.0,6.0
121206,Cancelar Solicitud,22475,2016-05-23 22:25:24,2016-05-23 22:25:24,Role 3,2.0,6.0
121251,Traer informacion estudiante - banner,2408,2016-05-23 18:29:01,2016-05-23 18:29:01,Role 1,10.0,1.0
121251,Radicar Solicitud Homologacion,2408,2016-05-23 18:34:36,2016-05-23 18:29:06,Role 1,7.0,1.0
121251,Cancelar Solicitud,22404,2016-05-24 04:34:36,2016-05-24 04:34:36,Role 3,2.0,6.0
121251,Notificacion estudiante cancelacion soli,22404,2016-05-24 12:59:59,2016-05-24 12:59:59,Role 3,6.0,6.0
121258,Traer informacion estudiante - banner,22437,2016-05-24 00:03:08,2016-05-24 00:03:08,Role 1,10.0,1.0
121258,Radicar Solicitud Homologacion,22437,2016-05-24 00:03:35,2016-05-24 00:03:09,Role 1,7.0,1.0
121258,Validar solicitud,677,2016-05-24 00:34:55,2016-05-24 00:29:25,Role 3,14.0,6.0
121258,Homologacion por grupo de cursos,3445,2016-05-24 22:42:21,2016-05-24 21:12:55,Role 2,5.0,5.0
121259,Traer informacion estudiante - banner,11799,2016-05-24 00:27:08,2016-05-24 00:27:08,Role 1,10.0,1.0
121259,Radicar Solicitud Homologacion,11799,2016-05-24 00:27:36,2016-05-24 00:27:11,Role 1,7.0,1.0
121259,Validar solicitud,19019,2016-05-24 00:54:29,2016-05-24 00:52:16,Role 3,14.0,6.0
121259,Homologacion por grupo de cursos,1007,2016-05-24 18:22:06,2016-05-24 17:05:52,Role 2,5.0,5.0
121260,Validar solicitud,659,2016-05-23 23:55:27,2016-05-23 23:45:13,Role 3,14.0,6.0
121260,Traer informacion estudiante - banner,22962,2016-05-24 01:01:51,2016-05-24 01:01:51,Role 1,10.0,1.0
121260,Radicar Solicitud Homologacion,22962,2016-05-24 01:01:52,2016-05-24 01:01:52,Role 1,7.0,1.0
121260,Homologacion por grupo de cursos,659,2016-05-25 16:26:28,2016-05-25 13:42:28,Role 3,5.0,6.0
121401,Traer informacion estudiante - banner,8973,2016-05-24 02:13:29,2016-05-24 02:13:29,Role 1,10.0,1.0
121401,Radicar Solicitud Homologacion,8973,2016-05-24 02:13:33,2016-05-24 02:13:33,Role 1,7.0,1.0
121401,Validar solicitud,920,2016-05-24 02:33:45,2016-05-24 02:21:45,Role 3,14.0,6.0
121401,Homologacion por grupo de cursos,8973,2016-05-25 20:41:02,2016-05-25 20:33:02,Role 1,5.0,1.0
121406,Traer informacion estudiante - banner,10176,2016-05-24 02:58:21,2016-05-24 02:58:21,Role 1,10.0,1.0
121406,Radicar Solicitud Homologacion,10176,2016-05-24 02:58:22,2016-05-24 02:58:22,Role 1,7.0,1.0
121406,Validar solicitud,22475,2016-05-24 03:09:50,2016-05-24 03:01:50,Role 3,14.0,6.0
121406,Homologacion por grupo de cursos,22475,2016-05-25 14:05:26,2016-05-25 14:01:26,Role 3,5.0,6.0
121451,Traer informacion estudiante - banner,2408,2016-05-24 04:35:58,2016-05-24 04:35:58,Role 1,10.0,1.0
121451,Radicar Solicitud Homologacion,2408,2016-05-24 04:41:42,2016-05-24 04:36:01,Role 1,7.0,1.0
121451,Validar solicitud,22404,2016-05-24 23:44:15,2016-05-24 23:41:57,Role 3,14.0,6.0
121451,Homologacion por grupo de cursos,22404,2016-05-25 03:13:17,2016-05-25 02:59:19,Role 3,5.0,6.0
121551,Traer informacion estudiante - banner,6231,2016-05-24 13:14:45,2016-05-24 13:14:45,Role 1,10.0,1.0
121551,Radicar Solicitud Homologacion,6231,2016-05-24 13:14:49,2016-05-24 13:14:49,Role 1,7.0,1.0
121551,Cancelar Solicitud,6231,2016-05-24 14:59:45,2016-05-24 14:59:45,Role 1,2.0,1.0
121551,Notificacion estudiante cancelacion soli,6231,2016-05-24 15:04:25,2016-05-24 15:04:25,Role 1,6.0,1.0
121601,Traer informacion estudiante - banner,11159,2016-05-24 12:22:19,2016-05-24 12:22:19,Role 1,10.0,1.0
121601,Radicar Solicitud Homologacion,11159,2016-05-24 12:22:23,2016-05-24 12:22:23,Role 1,7.0,1.0
121601,Notificacion estudiante cancelacion soli,1,2016-06-03 00:24:04,2016-06-03 00:24:04,Role 6,6.0,9.0
121752,Traer informacion estudiante - banner,8263,2016-05-24 18:57:21,2016-05-24 18:57:21,Role 1,10.0,1.0
121752,Radicar Solicitud Homologacion,8263,2016-05-24 18:57:48,2016-05-24 18:57:22,Role 1,7.0,1.0
121752,Cancelar Solicitud,19019,2016-05-24 19:24:30,2016-05-24 19:23:54,Role 3,2.0,6.0
121752,Notificacion estudiante cancelacion soli,19019,2016-05-24 20:37:41,2016-05-24 20:37:41,Role 3,6.0,6.0
121755,Traer informacion estudiante - banner,7039,2016-05-24 19:58:11,2016-05-24 19:58:11,Role 1,10.0,1.0
121755,Radicar Solicitud Homologacion,7039,2016-05-24 19:58:13,2016-05-24 19:58:12,Role 1,7.0,1.0
121755,Cancelar Solicitud,241,2016-05-24 21:39:20,2016-05-24 20:11:20,Role 3,2.0,6.0
121755,Notificacion estudiante cancelacion soli,241,2016-06-10 21:51:58,2016-06-10 21:51:58,Role 3,6.0,6.0
121852,Traer informacion estudiante - banner,26359,2016-05-24 22:34:32,2016-05-24 22:34:32,Role 1,10.0,1.0
121852,Radicar Solicitud Homologacion,26359,2016-05-24 23:03:21,2016-05-24 22:34:35,Role 1,7.0,1.0
121852,Validar solicitud,2292,2016-05-31 17:25:49,2016-05-31 17:20:40,Role 3,14.0,6.0
121852,Homologacion por grupo de cursos,7387,2016-06-01 00:41:24,2016-06-01 00:30:19,Role 2,5.0,5.0
122001,Traer informacion estudiante - banner,11314,2016-05-25 14:45:17,2016-05-25 14:45:17,Role 1,10.0,1.0
122001,Radicar Solicitud Homologacion,11314,2016-05-25 14:45:20,2016-05-25 14:45:20,Role 1,7.0,1.0
122001,Cancelar Solicitud,11314,2016-05-25 14:56:39,2016-05-25 14:50:46,Role 1,2.0,1.0
122001,Validar solicitud,6400,2016-05-25 14:50:46,2016-05-25 14:50:46,Role 3,14.0,6.0
122001,Notificacion estudiante cancelacion soli,11314,2016-05-25 23:53:24,2016-05-25 23:53:24,Role 1,6.0,1.0
122052,Traer informacion estudiante - banner,7039,2016-05-25 17:54:07,2016-05-25 17:54:07,Role 1,10.0,1.0
122052,Radicar Solicitud Homologacion,7039,2016-05-25 17:54:19,2016-05-25 17:54:08,Role 1,7.0,1.0
122052,Cancelar Solicitud,241,2016-05-25 19:27:15,2016-05-25 18:05:21,Role 3,2.0,6.0
122052,Notificacion estudiante cancelacion soli,241,2016-06-10 21:52:26,2016-06-10 21:52:26,Role 3,6.0,6.0
122054,Traer informacion estudiante - banner,15612,2016-05-25 20:24:54,2016-05-25 20:24:54,Role 1,10.0,1.0
122054,Radicar Solicitud Homologacion,15612,2016-05-25 20:27:19,2016-05-25 20:24:55,Role 1,7.0,1.0
122054,Cancelar Solicitud,22475,2016-05-26 00:24:53,2016-05-26 00:24:49,Role 3,2.0,6.0
122054,Notificacion estudiante cancelacion soli,22475,2016-05-26 00:29:20,2016-05-26 00:29:20,Role 3,6.0,6.0
122055,Traer informacion estudiante - banner,11393,2016-05-25 21:00:03,2016-05-25 21:00:03,Role 1,10.0,1.0
122055,Radicar Solicitud Homologacion,11393,2016-05-25 21:08:33,2016-05-25 21:00:04,Role 1,7.0,1.0
122055,Validar solicitud,677,2016-05-26 23:26:14,2016-05-26 22:29:45,Role 3,14.0,6.0
122055,Homologacion por grupo de cursos,677,2016-06-09 01:02:42,2016-06-08 22:59:39,Role 3,5.0,6.0
122102,Traer informacion estudiante - banner,8475,2016-05-25 19:43:07,2016-05-25 19:43:07,Role 1,10.0,1.0
122102,Radicar Solicitud Homologacion,8475,2016-05-25 19:43:12,2016-05-25 19:43:09,Role 1,7.0,1.0
122102,Validar solicitud,1646,2016-05-25 20:19:05,2016-05-25 19:46:37,Role 3,14.0,6.0
122102,Homologacion por grupo de cursos,12535,2016-06-02 00:57:50,2016-06-01 22:14:50,Role 2,5.0,5.0
122154,Traer informacion estudiante - banner,15612,2016-05-26 00:31:11,2016-05-26 00:31:11,Role 1,10.0,1.0
122154,Radicar Solicitud Homologacion,15612,2016-05-26 00:31:17,2016-05-26 00:31:13,Role 1,7.0,1.0
122154,Cancelar Solicitud,22475,2016-05-26 00:35:52,2016-05-26 00:35:51,Role 3,2.0,6.0
122154,Notificacion estudiante cancelacion soli,22475,2016-05-26 00:37:14,2016-05-26 00:37:14,Role 3,6.0,6.0
122155,Traer informacion estudiante - banner,15612,2016-05-26 01:10:13,2016-05-26 01:10:13,Role 1,10.0,1.0
122155,Radicar Solicitud Homologacion,15612,2016-05-26 01:43:03,2016-05-26 01:10:14,Role 1,7.0,1.0
122155,Validar solicitud,22475,2016-06-02 15:08:23,2016-06-02 15:06:33,Role 3,14.0,6.0
122155,Homologacion por grupo de cursos,22475,2016-06-02 18:48:19,2016-06-02 17:50:10,Role 3,5.0,6.0
122252,Traer informacion estudiante - banner,4913,2016-05-26 16:41:54,2016-05-26 16:41:54,Role 1,10.0,1.0
122252,Radicar Solicitud Homologacion,4913,2016-05-26 16:42:28,2016-05-26 16:41:57,Role 1,7.0,1.0
122252,Cancelar Solicitud,19019,2016-05-26 17:17:40,2016-05-26 17:13:37,Role 3,2.0,6.0
122252,Notificacion estudiante cancelacion soli,19019,2016-05-26 23:16:58,2016-05-26 23:16:58,Role 3,6.0,6.0
122304,Traer informacion estudiante - banner,6625,2016-05-26 16:40:02,2016-05-26 16:40:02,Role 1,10.0,1.0
122304,Radicar Solicitud Homologacion,6625,2016-05-26 16:40:32,2016-05-26 16:40:03,Role 1,7.0,1.0
122304,Cancelar Solicitud,1707,2016-05-26 19:08:27,2016-05-26 17:09:37,Role 3,2.0,6.0
122304,Notificacion estudiante cancelacion soli,1707,2016-06-20 15:44:17,2016-06-20 15:44:17,Role 3,6.0,6.0
122308,Traer informacion estudiante - banner,6598,2016-05-26 18:45:56,2016-05-26 18:45:56,Role 1,10.0,1.0
122308,Radicar Solicitud Homologacion,6598,2016-05-26 18:46:12,2016-05-26 18:45:57,Role 1,7.0,1.0
122308,Cancelar Solicitud,6598,2016-05-26 19:02:52,2016-05-26 19:01:54,Role 1,2.0,1.0
122308,Notificacion estudiante cancelacion soli,6598,2016-05-26 21:26:33,2016-05-26 21:26:33,Role 1,6.0,1.0
122652,Traer informacion estudiante - banner,19591,2016-05-27 20:38:24,2016-05-27 20:38:24,Role 1,10.0,1.0
122652,Radicar Solicitud Homologacion,19591,2016-05-27 20:55:39,2016-05-27 20:38:25,Role 1,7.0,1.0
122652,Cancelar Solicitud,186,2016-06-02 00:49:23,2016-06-01 23:14:38,Role 3,2.0,6.0
122652,Notificacion estudiante cancelacion soli,186,2016-06-20 20:16:14,2016-06-20 20:16:14,Role 3,6.0,6.0
122653,Traer informacion estudiante - banner,19591,2016-05-27 20:39:11,2016-05-27 20:39:11,Role 1,10.0,1.0
122653,Radicar Solicitud Homologacion,19591,2016-05-27 20:56:59,2016-05-27 20:39:12,Role 1,7.0,1.0
122653,Cancelar Solicitud,186,2016-06-02 01:21:15,2016-06-01 23:47:03,Role 3,2.0,6.0
122653,Notificacion estudiante cancelacion soli,186,2016-06-20 20:48:49,2016-06-20 20:48:49,Role 3,6.0,6.0
122702,Notificacion estudiante cancelacion soli,19019,2016-05-27 23:17:29,2016-05-27 23:17:29,Role 3,6.0,6.0
122702,Traer informacion estudiante - banner,6551,2016-05-27 23:22:34,2016-05-27 23:22:34,Role 1,10.0,1.0
122702,Radicar Solicitud Homologacion,6551,2016-05-27 23:23:02,2016-05-27 23:22:35,Role 1,7.0,1.0
122702,Cancelar Solicitud,19019,2016-05-27 23:50:28,2016-05-27 23:50:28,Role 3,2.0,6.0
122757,Traer informacion estudiante - banner,6551,2016-05-28 01:31:10,2016-05-28 01:31:10,Role 1,10.0,1.0
122757,Radicar Solicitud Homologacion,6551,2016-05-28 01:31:30,2016-05-28 01:31:11,Role 1,7.0,1.0
122757,Validar solicitud,19019,2016-05-28 01:50:32,2016-05-28 01:50:23,Role 3,14.0,6.0
122757,Homologacion por grupo de cursos,1007,2016-05-31 15:34:21,2016-05-31 15:31:18,Role 2,5.0,5.0
122951,Traer informacion estudiante - banner,15315,2016-05-28 20:55:55,2016-05-28 20:55:55,Role 1,10.0,1.0
122951,Radicar Solicitud Homologacion,15315,2016-05-28 20:55:58,2016-05-28 20:55:58,Role 1,7.0,1.0
122951,Validar solicitud,6694,2016-05-28 21:10:01,2016-05-28 21:06:16,Role 3,14.0,6.0
122951,Cancelar Solicitud,22490,2016-05-28 21:18:39,2016-05-28 21:06:17,Role 5,2.0,8.0
122951,Notificacion estudiante cancelacion soli,22490,2016-06-01 22:22:40,2016-06-01 22:22:40,Role 5,6.0,8.0
123051,Traer informacion estudiante - banner,11775,2016-05-29 01:43:07,2016-05-29 01:43:07,Role 1,10.0,1.0
123051,Radicar Solicitud Homologacion,11775,2016-05-29 01:43:11,2016-05-29 01:43:11,Role 1,7.0,1.0
123051,Validar solicitud,22475,2016-05-29 01:50:11,2016-05-29 01:48:08,Role 3,14.0,6.0
123051,Homologacion por grupo de cursos,22475,2016-05-31 18:37:07,2016-05-31 18:03:49,Role 3,5.0,6.0
123201,Traer informacion estudiante - banner,7650,2016-05-30 01:38:23,2016-05-30 01:38:23,Role 1,10.0,1.0
123201,Radicar Solicitud Homologacion,7650,2016-05-30 01:38:28,2016-05-30 01:38:28,Role 1,7.0,1.0
123201,Cancelar Solicitud,294,2016-05-30 17:58:54,2016-05-30 15:43:37,Role 3,2.0,6.0
123201,Notificacion estudiante cancelacion soli,294,2016-06-24 01:17:58,2016-06-24 01:17:58,Role 3,6.0,6.0
123351,Traer informacion estudiante - banner,5972,2016-05-30 21:17:29,2016-05-30 21:17:29,Role 1,10.0,1.0
123351,Radicar Solicitud Homologacion,5972,2016-05-30 21:17:32,2016-05-30 21:17:32,Role 1,7.0,1.0
123351,Validar solicitud,22404,2016-05-30 21:36:17,2016-05-30 21:32:44,Role 3,14.0,6.0
123351,Homologacion por grupo de cursos,22404,2016-05-31 19:38:15,2016-05-31 19:33:49,Role 3,5.0,6.0
123401,Traer informacion estudiante - banner,9445,2016-05-31 00:13:39,2016-05-31 00:13:39,Role 1,10.0,1.0
123401,Radicar Solicitud Homologacion,9445,2016-05-31 00:18:14,2016-05-31 00:13:42,Role 1,7.0,1.0
123401,Cancelar Solicitud,9445,2016-05-31 22:32:48,2016-05-31 22:32:20,Role 1,2.0,1.0
123401,Notificacion estudiante cancelacion soli,9445,2016-05-31 23:01:16,2016-05-31 23:01:16,Role 1,6.0,1.0
123612,Traer informacion estudiante - banner,23530,2016-06-01 02:10:46,2016-06-01 02:10:46,Role 1,10.0,1.0
123612,Radicar Solicitud Homologacion,23530,2016-06-01 02:30:40,2016-06-01 02:10:52,Role 1,7.0,1.0
123612,Cancelar Solicitud,22404,2016-06-03 19:50:05,2016-06-03 19:48:03,Role 3,2.0,6.0
123612,Notificacion estudiante cancelacion soli,22404,2016-06-03 23:50:05,2016-06-03 23:50:05,Role 3,6.0,6.0
123613,Traer informacion estudiante - banner,15612,2016-06-01 04:17:04,2016-06-01 04:17:04,Role 1,10.0,1.0
123613,Radicar Solicitud Homologacion,15612,2016-06-01 04:18:38,2016-06-01 04:17:05,Role 1,7.0,1.0
123613,Validar solicitud,22475,2016-06-01 17:36:22,2016-06-01 17:33:33,Role 3,14.0,6.0
123613,Homologacion por grupo de cursos,22475,2016-06-01 22:24:48,2016-06-01 22:23:39,Role 3,5.0,6.0
123614,Traer informacion estudiante - banner,15612,2016-06-01 04:20:00,2016-06-01 04:20:00,Role 1,10.0,1.0
123614,Radicar Solicitud Homologacion,15612,2016-06-01 04:28:01,2016-06-01 04:20:01,Role 1,7.0,1.0
123614,Cancelar Solicitud,22475,2016-06-02 15:04:49,2016-06-02 15:03:01,Role 3,2.0,6.0
123614,Notificacion estudiante cancelacion soli,22475,2016-06-02 17:48:41,2016-06-02 17:48:41,Role 3,6.0,6.0
123615,Traer informacion estudiante - banner,15612,2016-06-01 04:26:32,2016-06-01 04:26:32,Role 1,10.0,1.0
123615,Radicar Solicitud Homologacion,15612,2016-06-01 04:34:33,2016-06-01 04:26:33,Role 1,7.0,1.0
123615,Validar solicitud,22475,2016-06-02 15:06:47,2016-06-02 15:05:11,Role 3,14.0,6.0
123615,Homologacion por grupo de cursos,22475,2016-06-02 18:10:47,2016-06-02 17:36:24,Role 3,5.0,6.0
123706,Traer informacion estudiante - banner,2465,2016-05-31 21:26:34,2016-05-31 21:26:34,Role 1,10.0,1.0
123706,Radicar Solicitud Homologacion,2465,2016-05-31 21:26:35,2016-05-31 21:26:35,Role 1,7.0,1.0
123706,Cancelar Solicitud,19019,2016-05-31 21:57:53,2016-05-31 21:41:53,Role 3,2.0,6.0
123706,Notificacion estudiante cancelacion soli,19019,2016-06-02 20:30:14,2016-06-02 20:30:14,Role 3,6.0,6.0
123707,Traer informacion estudiante - banner,955,2016-05-31 22:28:10,2016-05-31 22:28:10,Role 1,10.0,1.0
123707,Radicar Solicitud Homologacion,955,2016-05-31 22:28:15,2016-05-31 22:28:11,Role 1,7.0,1.0
123707,Cancelar Solicitud,22475,2016-05-31 22:35:08,2016-05-31 22:33:07,Role 3,2.0,6.0
123707,Notificacion estudiante cancelacion soli,22475,2016-06-01 00:34:47,2016-06-01 00:34:47,Role 3,6.0,6.0
123709,Traer informacion estudiante - banner,9445,2016-05-31 22:38:59,2016-05-31 22:38:59,Role 1,10.0,1.0
123709,Radicar Solicitud Homologacion,9445,2016-05-31 22:39:07,2016-05-31 22:39:00,Role 1,7.0,1.0
123709,Validar solicitud,677,2016-05-31 23:27:05,2016-05-31 22:46:45,Role 3,14.0,6.0
123709,Homologacion por grupo de cursos,677,2016-06-09 01:10:16,2016-06-08 23:07:20,Role 3,5.0,6.0
123751,Traer informacion estudiante - banner,1134,2016-06-01 15:47:58,2016-06-01 15:47:58,Role 1,10.0,1.0
123751,Radicar Solicitud Homologacion,1,2016-06-01 15:48:06,2016-06-01 15:48:06,Role 6,7.0,9.0
123751,Validar solicitud,677,2016-06-01 15:48:31,2016-06-01 15:48:31,Role 3,14.0,6.0
123751,Cancelar Solicitud,677,2016-06-01 15:48:37,2016-06-01 15:48:32,Role 3,2.0,6.0
123751,Notificacion estudiante cancelacion soli,677,2016-06-01 16:05:32,2016-06-01 16:05:32,Role 3,6.0,6.0
123752,Traer informacion estudiante - banner,1134,2016-06-01 16:05:58,2016-06-01 16:05:58,Role 1,10.0,1.0
123752,Radicar Solicitud Homologacion,1,2016-06-01 16:06:01,2016-06-01 16:06:01,Role 6,7.0,9.0
123752,Validar solicitud,677,2016-06-01 16:06:10,2016-06-01 16:06:09,Role 3,14.0,6.0
123752,Homologacion por grupo de cursos,3445,2016-06-01 16:44:27,2016-06-01 16:07:20,Role 2,5.0,5.0
123753,Traer informacion estudiante - banner,1471,2016-06-01 16:10:16,2016-06-01 16:10:16,Role 1,10.0,1.0
123753,Radicar Solicitud Homologacion,1,2016-06-01 16:10:17,2016-06-01 16:10:17,Role 6,7.0,9.0
123753,Validar solicitud,677,2016-06-01 16:10:29,2016-06-01 16:10:27,Role 3,14.0,6.0
123753,Homologacion por grupo de cursos,3445,2016-06-01 16:50:00,2016-06-01 16:12:58,Role 2,5.0,5.0
123758,Traer informacion estudiante - banner,11174,2016-06-01 16:40:23,2016-06-01 16:40:23,Role 1,10.0,1.0
123758,Radicar Solicitud Homologacion,1,2016-06-01 16:40:24,2016-06-01 16:40:24,Role 6,7.0,9.0
123758,Validar solicitud,19019,2016-06-01 16:40:38,2016-06-01 16:40:34,Role 3,14.0,6.0
123758,Homologacion por grupo de cursos,19019,2016-06-01 18:40:13,2016-06-01 16:44:53,Role 3,5.0,6.0
123761,Traer informacion estudiante - banner,11342,2016-06-01 16:47:26,2016-06-01 16:47:26,Role 1,10.0,1.0
123761,Radicar Solicitud Homologacion,1,2016-06-01 16:47:27,2016-06-01 16:47:27,Role 6,7.0,9.0
123761,Validar solicitud,18929,2016-06-01 16:47:56,2016-06-01 16:47:37,Role 3,14.0,6.0
123761,Homologacion por grupo de cursos,957,2016-06-01 17:22:16,2016-06-01 17:06:42,Role 2,5.0,5.0
123766,Traer informacion estudiante - banner,12532,2016-06-01 16:50:51,2016-06-01 16:50:51,Role 1,10.0,1.0
123766,Radicar Solicitud Homologacion,1,2016-06-01 16:50:52,2016-06-01 16:50:52,Role 6,7.0,9.0
123766,Validar solicitud,19019,2016-06-01 16:51:20,2016-06-01 16:51:02,Role 3,14.0,6.0
123766,Homologacion por grupo de cursos,19019,2016-06-01 19:04:29,2016-06-01 17:09:34,Role 3,5.0,6.0
123767,Traer informacion estudiante - banner,20194,2016-06-01 16:54:05,2016-06-01 16:54:05,Role 1,10.0,1.0
123767,Radicar Solicitud Homologacion,1,2016-06-01 16:54:06,2016-06-01 16:54:06,Role 6,7.0,9.0
123767,Validar solicitud,2292,2016-06-01 16:54:44,2016-06-01 16:54:16,Role 3,14.0,6.0
123767,Cancelar Solicitud,2292,2016-06-01 16:54:45,2016-06-01 16:54:16,Role 3,2.0,6.0
123767,Notificacion estudiante cancelacion soli,2292,2016-06-01 17:24:06,2016-06-01 17:24:06,Role 3,6.0,6.0
123768,Traer informacion estudiante - banner,21562,2016-06-01 16:54:19,2016-06-01 16:54:19,Role 1,10.0,1.0
123768,Radicar Solicitud Homologacion,1,2016-06-01 16:54:20,2016-06-01 16:54:20,Role 6,7.0,9.0
123768,Validar solicitud,22475,2016-06-01 16:55:26,2016-06-01 16:54:30,Role 3,14.0,6.0
123768,Cancelar Solicitud,22475,2016-06-01 16:55:59,2016-06-01 16:54:30,Role 3,2.0,6.0
123768,Notificacion estudiante cancelacion soli,22475,2016-06-01 18:24:12,2016-06-01 18:24:12,Role 3,6.0,6.0
123769,Traer informacion estudiante - banner,20194,2016-06-01 17:25:07,2016-06-01 17:25:07,Role 1,10.0,1.0
123769,Radicar Solicitud Homologacion,1,2016-06-01 17:25:08,2016-06-01 17:25:08,Role 6,7.0,9.0
123769,Validar solicitud,2292,2016-06-01 17:25:18,2016-06-01 17:25:17,Role 3,14.0,6.0
123769,Cancelar Solicitud,2292,2016-06-01 17:26:12,2016-06-01 17:25:18,Role 3,2.0,6.0
123769,Notificacion estudiante cancelacion soli,2292,2016-06-01 18:19:34,2016-06-01 18:19:34,Role 3,6.0,6.0
123771,Traer informacion estudiante - banner,21562,2016-06-01 18:22:45,2016-06-01 18:22:45,Role 1,10.0,1.0
123771,Radicar Solicitud Homologacion,1,2016-06-01 18:22:46,2016-06-01 18:22:46,Role 6,7.0,9.0
123771,Cancelar Solicitud,22475,2016-06-01 18:23:01,2016-06-01 18:22:56,Role 3,2.0,6.0
123771,Validar solicitud,22475,2016-06-01 18:22:57,2016-06-01 18:22:56,Role 3,14.0,6.0
123771,Notificacion estudiante cancelacion soli,22475,2016-06-01 18:28:18,2016-06-01 18:28:18,Role 3,6.0,6.0
123902,Traer informacion estudiante - banner,4834,2016-06-02 17:31:06,2016-06-02 17:31:06,Role 1,10.0,1.0
123902,Radicar Solicitud Homologacion,4834,2016-06-02 17:31:23,2016-06-02 17:31:07,Role 1,7.0,1.0
123902,Cancelar Solicitud,4834,2016-06-02 17:50:05,2016-06-02 17:47:53,Role 1,2.0,1.0
123902,Notificacion estudiante cancelacion soli,4834,2016-06-02 21:24:14,2016-06-02 21:24:14,Role 1,6.0,1.0
123903,Traer informacion estudiante - banner,4834,2016-06-02 19:27:01,2016-06-02 19:27:01,Role 1,10.0,1.0
123903,Radicar Solicitud Homologacion,4834,2016-06-02 19:27:05,2016-06-02 19:27:02,Role 1,7.0,1.0
123903,Cancelar Solicitud,4834,2016-06-02 19:30:48,2016-06-02 19:30:42,Role 1,2.0,1.0
123903,Notificacion estudiante cancelacion soli,4834,2016-06-02 19:37:36,2016-06-02 19:37:36,Role 1,6.0,1.0
123904,Traer informacion estudiante - banner,4834,2016-06-02 19:39:46,2016-06-02 19:39:46,Role 1,10.0,1.0
123904,Radicar Solicitud Homologacion,4834,2016-06-02 19:39:49,2016-06-02 19:39:47,Role 1,7.0,1.0
123904,Cancelar Solicitud,4834,2016-06-02 19:42:19,2016-06-02 19:42:16,Role 1,2.0,1.0
123904,Notificacion estudiante cancelacion soli,4834,2016-06-02 19:46:11,2016-06-02 19:46:11,Role 1,6.0,1.0
123905,Traer informacion estudiante - banner,4834,2016-06-02 19:46:19,2016-06-02 19:46:19,Role 1,10.0,1.0
123905,Radicar Solicitud Homologacion,4834,2016-06-02 19:46:24,2016-06-02 19:46:20,Role 1,7.0,1.0
123905,Cancelar Solicitud,4834,2016-06-02 19:50:53,2016-06-02 19:50:44,Role 1,2.0,1.0
123905,Notificacion estudiante cancelacion soli,4834,2016-06-02 20:13:22,2016-06-02 20:13:22,Role 1,6.0,1.0
123906,Traer informacion estudiante - banner,4834,2016-06-02 20:13:33,2016-06-02 20:13:33,Role 1,10.0,1.0
123906,Radicar Solicitud Homologacion,4834,2016-06-02 20:13:33,2016-06-02 20:13:33,Role 1,7.0,1.0
123906,Validar solicitud,22404,2016-06-02 20:18:22,2016-06-02 20:17:59,Role 3,14.0,6.0
123906,Homologacion por grupo de cursos,4560,2016-06-02 23:55:19,2016-06-02 22:23:43,Role 2,5.0,5.0
123956,Traer informacion estudiante - banner,9249,2016-06-03 04:46:39,2016-06-03 04:46:39,Role 1,10.0,1.0
123956,Radicar Solicitud Homologacion,9249,2016-06-03 04:46:51,2016-06-03 04:46:40,Role 1,7.0,1.0
123956,Cancelar Solicitud,9249,2016-06-03 16:11:05,2016-06-03 16:11:01,Role 1,2.0,1.0
123956,Notificacion estudiante cancelacion soli,9249,2016-06-03 16:15:56,2016-06-03 16:15:56,Role 1,6.0,1.0
123961,Traer informacion estudiante - banner,12175,2016-06-03 17:28:21,2016-06-03 17:28:21,Role 1,10.0,1.0
123961,Radicar Solicitud Homologacion,12175,2016-06-03 17:52:20,2016-06-03 17:28:22,Role 1,7.0,1.0
123961,Cancelar Solicitud,22475,2016-06-09 17:27:24,2016-06-09 17:27:17,Role 3,2.0,6.0
123961,Notificacion estudiante cancelacion soli,22475,2016-06-09 17:35:14,2016-06-09 17:35:14,Role 3,6.0,6.0
123962,Traer informacion estudiante - banner,12175,2016-06-03 17:30:51,2016-06-03 17:30:51,Role 1,10.0,1.0
123962,Radicar Solicitud Homologacion,12175,2016-06-03 17:55:05,2016-06-03 17:30:52,Role 1,7.0,1.0
123962,Cancelar Solicitud,12175,2016-06-09 17:44:54,2016-06-09 17:44:42,Role 1,2.0,1.0
123962,Notificacion estudiante cancelacion soli,12175,2016-06-09 17:56:54,2016-06-09 17:56:54,Role 1,6.0,1.0
123963,Traer informacion estudiante - banner,12175,2016-06-03 17:46:19,2016-06-03 17:46:19,Role 1,10.0,1.0
123963,Radicar Solicitud Homologacion,12175,2016-06-03 18:14:24,2016-06-03 17:46:20,Role 1,7.0,1.0
123963,Cancelar Solicitud,12175,2016-06-09 23:51:18,2016-06-09 23:51:16,Role 1,2.0,1.0
123963,Notificacion estudiante cancelacion soli,12175,2016-06-09 23:53:24,2016-06-09 23:53:24,Role 1,6.0,1.0
123964,Traer informacion estudiante - banner,11653,2016-06-03 19:12:55,2016-06-03 19:12:55,Role 1,10.0,1.0
123964,Radicar Solicitud Homologacion,11653,2016-06-03 19:17:44,2016-06-03 19:12:57,Role 1,7.0,1.0
123964,Validar solicitud,22404,2016-06-04 16:56:55,2016-06-04 16:56:55,Role 3,14.0,6.0
123964,Homologacion por grupo de cursos,22404,2016-06-07 15:19:54,2016-06-07 14:47:54,Role 3,5.0,6.0
124101,Traer informacion estudiante - banner,11772,2016-06-03 14:46:57,2016-06-03 14:46:57,Role 1,10.0,1.0
124101,Radicar Solicitud Homologacion,11772,2016-06-03 14:47:04,2016-06-03 14:47:04,Role 1,7.0,1.0
124101,Cancelar Solicitud,22475,2016-06-03 15:05:51,2016-06-03 15:03:08,Role 3,2.0,6.0
124101,Notificacion estudiante cancelacion soli,22475,2016-06-03 18:43:07,2016-06-03 18:43:07,Role 3,6.0,6.0
124152,Traer informacion estudiante - banner,12175,2016-06-03 19:42:49,2016-06-03 19:42:49,Role 1,10.0,1.0
124152,Radicar Solicitud Homologacion,12175,2016-06-03 20:02:46,2016-06-03 19:42:50,Role 1,7.0,1.0
124152,Cancelar Solicitud,22475,2016-06-09 01:39:24,2016-06-09 01:39:04,Role 3,2.0,6.0
124152,Notificacion estudiante cancelacion soli,22475,2016-06-09 15:55:18,2016-06-09 15:55:18,Role 3,6.0,6.0
124156,Traer informacion estudiante - banner,8882,2016-06-03 21:11:19,2016-06-03 21:11:19,Role 1,10.0,1.0
124156,Radicar Solicitud Homologacion,8882,2016-06-03 21:11:20,2016-06-03 21:11:20,Role 1,7.0,1.0
124156,Cancelar Solicitud,19019,2016-06-03 21:30:47,2016-06-03 21:22:17,Role 3,2.0,6.0
124156,Notificacion estudiante cancelacion soli,19019,2016-06-07 22:30:50,2016-06-07 22:30:50,Role 3,6.0,6.0
124158,Traer informacion estudiante - banner,8882,2016-06-03 21:25:01,2016-06-03 21:25:01,Role 1,10.0,1.0
124158,Radicar Solicitud Homologacion,8882,2016-06-03 21:25:02,2016-06-03 21:25:02,Role 1,7.0,1.0
124158,Cancelar Solicitud,19019,2016-06-03 21:38:08,2016-06-03 21:29:39,Role 3,2.0,6.0
124158,Notificacion estudiante cancelacion soli,19019,2016-06-07 22:29:45,2016-06-07 22:29:45,Role 3,6.0,6.0
124301,Traer informacion estudiante - banner,9379,2016-06-06 02:14:34,2016-06-06 02:14:34,Role 1,10.0,1.0
124301,Radicar Solicitud Homologacion,9379,2016-06-06 02:14:40,2016-06-06 02:14:40,Role 1,7.0,1.0
124301,Validar solicitud,920,2016-06-06 02:34:50,2016-06-06 02:34:50,Role 3,14.0,6.0
124301,Cancelar Solicitud,9379,2016-06-06 02:36:25,2016-06-06 02:34:51,Role 1,2.0,1.0
124301,Notificacion estudiante cancelacion soli,9379,2016-06-07 17:34:18,2016-06-07 17:34:18,Role 1,6.0,1.0
124405,Radicar Solicitud Homologacion,9146,2016-06-06 16:52:48,2016-06-06 16:52:48,Role 1,7.0,1.0
124405,Traer informacion estudiante - banner,9146,2016-06-06 16:52:48,2016-06-06 16:52:48,Role 1,10.0,1.0
124405,Cancelar Solicitud,19019,2016-06-06 17:00:09,2016-06-06 17:00:09,Role 3,2.0,6.0
124405,Notificacion estudiante cancelacion soli,19019,2016-06-07 14:59:07,2016-06-07 14:59:07,Role 3,6.0,6.0
124501,Traer informacion estudiante - banner,15315,2016-06-06 21:36:21,2016-06-06 21:36:21,Role 1,10.0,1.0
124501,Radicar Solicitud Homologacion,15315,2016-06-06 21:36:24,2016-06-06 21:36:24,Role 1,7.0,1.0
124501,Cancelar Solicitud,6694,2016-06-06 22:13:40,2016-06-06 22:12:28,Role 3,2.0,6.0
124501,Notificacion estudiante cancelacion soli,6694,2016-06-07 17:12:09,2016-06-07 17:12:09,Role 3,6.0,6.0
124564,Traer informacion estudiante - banner,19746,2016-06-07 20:11:04,2016-06-07 20:11:04,Role 1,10.0,1.0
124564,Radicar Solicitud Homologacion,19746,2016-06-07 20:39:06,2016-06-07 20:11:06,Role 1,7.0,1.0
124564,Cancelar Solicitud,241,2016-06-11 17:46:52,2016-06-11 16:35:57,Role 3,2.0,6.0
124564,Notificacion estudiante cancelacion soli,241,2016-06-24 00:55:19,2016-06-24 00:55:19,Role 3,6.0,6.0
124572,Traer informacion estudiante - banner,9379,2016-06-07 21:03:30,2016-06-07 21:03:30,Role 1,10.0,1.0
124572,Radicar Solicitud Homologacion,9379,2016-06-07 21:05:35,2016-06-07 21:03:31,Role 1,7.0,1.0
124572,Cancelar Solicitud,9379,2016-06-08 00:04:10,2016-06-08 00:04:06,Role 1,2.0,1.0
124572,Notificacion estudiante cancelacion soli,9379,2016-06-08 00:08:44,2016-06-08 00:08:44,Role 1,6.0,1.0
124651,Traer informacion estudiante - banner,9146,2016-06-07 13:16:23,2016-06-07 13:16:23,Role 1,10.0,1.0
124651,Radicar Solicitud Homologacion,9146,2016-06-07 13:16:27,2016-06-07 13:16:27,Role 1,7.0,1.0
124651,Cancelar Solicitud,294,2016-06-07 15:08:20,2016-06-07 13:25:07,Role 3,2.0,6.0
124651,Notificacion estudiante cancelacion soli,294,2016-06-24 01:13:52,2016-06-24 01:13:52,Role 3,6.0,6.0
124702,Traer informacion estudiante - banner,9379,2016-06-07 17:34:58,2016-06-07 17:34:58,Role 1,10.0,1.0
124702,Radicar Solicitud Homologacion,9379,2016-06-07 17:35:08,2016-06-07 17:34:59,Role 1,7.0,1.0
124702,Cancelar Solicitud,9379,2016-06-07 17:48:37,2016-06-07 17:44:22,Role 1,2.0,1.0
124702,Notificacion estudiante cancelacion soli,9379,2016-06-08 00:00:08,2016-06-08 00:00:08,Role 1,6.0,1.0
124703,Traer informacion estudiante - banner,9379,2016-06-07 17:44:41,2016-06-07 17:44:41,Role 1,10.0,1.0
124703,Radicar Solicitud Homologacion,9379,2016-06-07 17:48:58,2016-06-07 17:44:42,Role 1,7.0,1.0
124703,Cancelar Solicitud,9379,2016-06-08 00:01:16,2016-06-08 00:01:09,Role 1,2.0,1.0
124703,Notificacion estudiante cancelacion soli,9379,2016-06-08 00:09:02,2016-06-08 00:09:02,Role 1,6.0,1.0
124704,Traer informacion estudiante - banner,5028,2016-06-07 18:31:00,2016-06-07 18:31:00,Role 1,10.0,1.0
124704,Radicar Solicitud Homologacion,5028,2016-06-07 18:31:14,2016-06-07 18:31:01,Role 1,7.0,1.0
124704,Cancelar Solicitud,19019,2016-06-07 18:45:58,2016-06-07 18:44:15,Role 3,2.0,6.0
124704,Notificacion estudiante cancelacion soli,19019,2016-06-07 22:28:06,2016-06-07 22:28:06,Role 3,6.0,6.0
124712,Traer informacion estudiante - banner,9379,2016-06-08 00:16:39,2016-06-08 00:16:39,Role 1,10.0,1.0
124712,Radicar Solicitud Homologacion,9379,2016-06-08 00:16:42,2016-06-08 00:16:40,Role 1,7.0,1.0
124712,Validar solicitud,920,2016-06-08 00:36:22,2016-06-08 00:18:41,Role 3,14.0,6.0
124712,Homologacion por grupo de cursos,920,2016-06-10 16:11:06,2016-06-10 15:59:06,Role 3,5.0,6.0
124713,Traer informacion estudiante - banner,9379,2016-06-08 00:19:27,2016-06-08 00:19:27,Role 1,10.0,1.0
124713,Radicar Solicitud Homologacion,9379,2016-06-08 00:19:30,2016-06-08 00:19:28,Role 1,7.0,1.0
124713,Validar solicitud,920,2016-06-08 00:39:12,2016-06-08 00:21:33,Role 3,14.0,6.0
124713,Homologacion por grupo de cursos,920,2016-06-10 16:13:10,2016-06-10 16:01:12,Role 3,5.0,6.0
124781,Traer informacion estudiante - banner,29274,2016-06-08 23:05:39,2016-06-08 23:05:39,Role 1,10.0,1.0
124781,Radicar Solicitud Homologacion,29274,2016-06-08 23:20:33,2016-06-08 23:05:40,Role 1,7.0,1.0
124781,Validar solicitud,22404,2016-06-10 20:03:19,2016-06-10 19:59:19,Role 3,14.0,6.0
124781,Homologacion por grupo de cursos,4560,2016-06-13 16:20:56,2016-06-13 14:31:23,Role 2,5.0,5.0
124787,Traer informacion estudiante - banner,11805,2016-06-09 01:04:06,2016-06-09 01:04:06,Role 1,10.0,1.0
124787,Radicar Solicitud Homologacion,11805,2016-06-09 01:13:01,2016-06-09 01:04:06,Role 1,7.0,1.0
124787,Validar solicitud,29277,2016-06-10 03:12:06,2016-06-10 03:08:06,Role 3,14.0,6.0
124787,Homologacion por grupo de cursos,1007,2016-06-10 21:05:17,2016-06-10 20:49:17,Role 2,5.0,5.0
124852,Traer informacion estudiante - banner,7660,2016-06-08 18:57:42,2016-06-08 18:57:42,Role 1,10.0,1.0
124852,Radicar Solicitud Homologacion,7660,2016-06-08 18:57:48,2016-06-08 18:57:43,Role 1,7.0,1.0
124852,Validar solicitud,2292,2016-06-08 19:04:45,2016-06-08 19:03:05,Role 3,14.0,6.0
124852,Homologacion por grupo de cursos,2292,2016-06-08 23:11:09,2016-06-08 22:43:53,Role 3,5.0,6.0
124860,Traer informacion estudiante - banner,9146,2016-06-09 01:17:46,2016-06-09 01:17:46,Role 1,10.0,1.0
124860,Radicar Solicitud Homologacion,9146,2016-06-09 01:17:52,2016-06-09 01:17:48,Role 1,7.0,1.0
124860,Cancelar Solicitud,29277,2016-06-09 01:26:25,2016-06-09 01:21:53,Role 3,2.0,6.0
124860,Notificacion estudiante cancelacion soli,29277,2016-06-09 19:54:43,2016-06-09 19:54:43,Role 3,6.0,6.0
124861,Traer informacion estudiante - banner,9146,2016-06-09 01:22:02,2016-06-09 01:22:02,Role 1,10.0,1.0
124861,Radicar Solicitud Homologacion,9146,2016-06-09 01:22:09,2016-06-09 01:22:03,Role 1,7.0,1.0
124861,Cancelar Solicitud,29277,2016-06-09 01:33:19,2016-06-09 01:28:52,Role 3,2.0,6.0
124861,Notificacion estudiante cancelacion soli,29277,2016-06-09 19:55:52,2016-06-09 19:55:52,Role 3,6.0,6.0
124908,Traer informacion estudiante - banner,29280,2016-06-09 17:39:27,2016-06-09 17:39:27,Role 1,10.0,1.0
124908,Radicar Solicitud Homologacion,29280,2016-06-09 17:52:14,2016-06-09 17:39:31,Role 1,7.0,1.0
124908,Validar solicitud,6400,2016-06-11 00:24:50,2016-06-11 00:22:39,Role 3,14.0,6.0
124908,Homologacion por grupo de cursos,6520,2016-06-13 17:02:03,2016-06-13 16:34:38,Role 2,5.0,5.0
124953,Traer informacion estudiante - banner,11775,2016-06-09 21:22:41,2016-06-09 21:22:41,Role 1,10.0,1.0
124953,Radicar Solicitud Homologacion,11775,2016-06-09 21:34:42,2016-06-09 21:22:42,Role 1,7.0,1.0
124953,Validar solicitud,22475,2016-06-11 21:08:59,2016-06-11 21:04:59,Role 3,14.0,6.0
124953,Homologacion por grupo de cursos,22475,2016-06-13 21:17:51,2016-06-13 20:53:51,Role 3,5.0,6.0
125209,Traer informacion estudiante - banner,8824,2016-06-10 19:41:20,2016-06-10 19:41:20,Role 1,10.0,1.0
125209,Radicar Solicitud Homologacion,8824,2016-06-10 19:41:34,2016-06-10 19:41:21,Role 1,7.0,1.0
125209,Validar solicitud,677,2016-06-10 20:11:05,2016-06-10 19:55:01,Role 3,14.0,6.0
125209,Homologacion por grupo de cursos,677,2016-06-14 20:36:57,2016-06-14 20:36:57,Role 3,5.0,6.0
125214,Traer informacion estudiante - banner,29281,2016-06-10 19:58:51,2016-06-10 19:58:51,Role 1,10.0,1.0
125214,Radicar Solicitud Homologacion,29281,2016-06-10 19:59:02,2016-06-10 19:58:52,Role 1,7.0,1.0
125214,Notificacion estudiante cancelacion soli,1,2016-06-21 18:33:05,2016-06-21 18:33:05,Role 6,6.0,9.0
125219,Traer informacion estudiante - banner,29281,2016-06-10 22:10:22,2016-06-10 22:10:22,Role 1,10.0,1.0
125219,Radicar Solicitud Homologacion,29281,2016-06-10 22:10:39,2016-06-10 22:10:23,Role 1,7.0,1.0
125219,Notificacion estudiante cancelacion soli,1,2016-06-21 18:51:05,2016-06-21 18:51:05,Role 6,6.0,9.0
125304,Traer informacion estudiante - banner,29276,2016-06-11 15:43:58,2016-06-11 15:43:58,Role 1,10.0,1.0
125304,Radicar Solicitud Homologacion,29276,2016-06-11 16:08:47,2016-06-11 15:43:59,Role 1,7.0,1.0
125304,Cancelar Solicitud,7080,2016-06-16 16:54:06,2016-06-16 16:48:04,Role 3,2.0,6.0
125304,Notificacion estudiante cancelacion soli,7080,2016-06-17 00:50:29,2016-06-17 00:50:29,Role 3,6.0,6.0
125351,Traer informacion estudiante - banner,19572,2016-06-11 20:19:44,2016-06-11 20:19:44,Role 1,10.0,1.0
125351,Radicar Solicitud Homologacion,19572,2016-06-11 20:19:52,2016-06-11 20:19:52,Role 1,7.0,1.0
125351,Cancelar Solicitud,19572,2016-06-11 20:43:01,2016-06-11 20:43:01,Role 1,2.0,1.0
125351,Notificacion estudiante cancelacion soli,19572,2016-06-12 20:01:19,2016-06-12 20:01:19,Role 1,6.0,1.0
125401,Traer informacion estudiante - banner,26259,2016-06-12 14:16:15,2016-06-12 14:16:15,Role 1,10.0,1.0
125401,Radicar Solicitud Homologacion,26259,2016-06-12 14:16:20,2016-06-12 14:16:20,Role 1,7.0,1.0
125401,Cancelar Solicitud,26259,2016-06-12 14:32:52,2016-06-12 14:32:52,Role 1,2.0,1.0
125401,Notificacion estudiante cancelacion soli,26259,2016-06-12 14:35:15,2016-06-12 14:35:15,Role 1,6.0,1.0
125402,Traer informacion estudiante - banner,26259,2016-06-12 14:35:34,2016-06-12 14:35:34,Role 1,10.0,1.0
125402,Radicar Solicitud Homologacion,26259,2016-06-12 14:35:35,2016-06-12 14:35:35,Role 1,7.0,1.0
125402,Cancelar Solicitud,26259,2016-06-12 14:56:59,2016-06-12 14:56:59,Role 1,2.0,1.0
125402,Notificacion estudiante cancelacion soli,26259,2016-06-13 15:41:50,2016-06-13 15:41:50,Role 1,6.0,1.0
125555,Radicar Solicitud Homologacion,26259,2016-06-13 15:42:07,2016-06-13 15:42:07,Role 1,7.0,1.0
125555,Traer informacion estudiante - banner,26259,2016-06-13 15:42:07,2016-06-13 15:42:07,Role 1,10.0,1.0
125555,Cancelar Solicitud,29277,2016-06-13 15:48:54,2016-06-13 15:48:51,Role 3,2.0,6.0
125555,Notificacion estudiante cancelacion soli,29277,2016-06-13 16:03:03,2016-06-13 16:03:03,Role 3,6.0,6.0
125559,Radicar Solicitud Homologacion,19692,2016-06-13 16:43:42,2016-06-13 16:03:46,Role 1,7.0,1.0
125559,Traer informacion estudiante - banner,19692,2016-06-13 16:03:46,2016-06-13 16:03:46,Role 1,10.0,1.0
125559,Cancelar Solicitud,29277,2016-06-20 14:43:08,2016-06-20 14:42:53,Role 3,2.0,6.0
125559,Notificacion estudiante cancelacion soli,29277,2016-06-20 16:15:20,2016-06-20 16:15:20,Role 3,6.0,6.0
125569,Traer informacion estudiante - banner,9379,2016-06-13 21:19:53,2016-06-13 21:19:53,Role 1,10.0,1.0
125569,Radicar Solicitud Homologacion,9379,2016-06-13 21:19:55,2016-06-13 21:19:55,Role 1,7.0,1.0
125569,Cancelar Solicitud,9379,2016-06-13 21:21:43,2016-06-13 21:21:43,Role 1,2.0,1.0
125569,Validar solicitud,920,2016-06-13 21:21:43,2016-06-13 21:21:43,Role 3,14.0,6.0
125569,Notificacion estudiante cancelacion soli,9379,2016-06-13 21:46:51,2016-06-13 21:46:51,Role 1,6.0,1.0
125651,Traer informacion estudiante - banner,11548,2016-06-14 09:11:19,2016-06-14 09:11:19,Role 1,10.0,1.0
125651,Radicar Solicitud Homologacion,11548,2016-06-14 09:11:23,2016-06-14 09:11:23,Role 1,7.0,1.0
125651,Notificacion estudiante cancelacion soli,1,2016-06-23 00:24:13,2016-06-23 00:24:13,Role 6,6.0,9.0
125703,Traer informacion estudiante - banner,19692,2016-06-14 17:12:11,2016-06-14 17:12:11,Role 1,10.0,1.0
125703,Radicar Solicitud Homologacion,19692,2016-06-14 17:43:00,2016-06-14 17:12:13,Role 1,7.0,1.0
125703,Cancelar Solicitud,29277,2016-06-20 15:35:52,2016-06-20 15:35:38,Role 3,2.0,6.0
125703,Notificacion estudiante cancelacion soli,29277,2016-06-20 16:14:10,2016-06-20 16:14:10,Role 3,6.0,6.0
125706,Traer informacion estudiante - banner,7824,2016-06-14 19:14:40,2016-06-14 19:14:40,Role 1,10.0,1.0
125706,Radicar Solicitud Homologacion,7824,2016-06-14 19:15:05,2016-06-14 19:14:43,Role 1,7.0,1.0
125706,Validar solicitud,241,2016-06-14 20:17:58,2016-06-14 19:37:31,Role 3,14.0,6.0
125706,Homologacion por grupo de cursos,241,2016-06-21 22:23:04,2016-06-21 22:04:41,Role 3,5.0,6.0
125714,Traer informacion estudiante - banner,28881,2016-06-14 22:08:39,2016-06-14 22:08:39,Role 1,10.0,1.0
125714,Radicar Solicitud Homologacion,28881,2016-06-14 22:08:56,2016-06-14 22:08:40,Role 1,7.0,1.0
125714,Validar solicitud,6400,2016-06-14 22:25:58,2016-06-14 22:25:35,Role 3,14.0,6.0
125714,Homologacion por grupo de cursos,6520,2016-06-14 23:04:13,2016-06-14 22:49:03,Role 2,5.0,5.0
125717,Traer informacion estudiante - banner,11150,2016-06-14 23:07:08,2016-06-14 23:07:08,Role 1,10.0,1.0
125717,Radicar Solicitud Homologacion,11150,2016-06-14 23:09:16,2016-06-14 23:07:09,Role 1,7.0,1.0
125717,Cancelar Solicitud,29277,2016-06-15 01:24:33,2016-06-15 01:14:11,Role 3,2.0,6.0
125717,Notificacion estudiante cancelacion soli,29277,2016-06-16 17:36:34,2016-06-16 17:36:34,Role 3,6.0,6.0
125718,Traer informacion estudiante - banner,28881,2016-06-14 23:08:41,2016-06-14 23:08:41,Role 1,10.0,1.0
125718,Radicar Solicitud Homologacion,28881,2016-06-14 23:08:47,2016-06-14 23:08:42,Role 1,7.0,1.0
125718,Validar solicitud,6400,2016-06-14 23:21:17,2016-06-14 23:14:36,Role 3,14.0,6.0
125718,Homologacion por grupo de cursos,6520,2016-06-15 21:15:51,2016-06-15 19:55:47,Role 2,5.0,5.0
125722,Traer informacion estudiante - banner,9332,2016-06-15 02:38:00,2016-06-15 02:38:00,Role 1,10.0,1.0
125722,Radicar Solicitud Homologacion,9332,2016-06-15 03:02:01,2016-06-15 02:38:01,Role 1,7.0,1.0
125722,Cancelar Solicitud,241,2016-06-20 00:42:01,2016-06-20 00:29:37,Role 3,2.0,6.0
125722,Notificacion estudiante cancelacion soli,241,2016-06-21 22:24:29,2016-06-21 22:24:29,Role 3,6.0,6.0
125801,Traer informacion estudiante - banner,8882,2016-06-15 13:42:19,2016-06-15 13:42:19,Role 1,10.0,1.0
125801,Radicar Solicitud Homologacion,8882,2016-06-15 13:42:25,2016-06-15 13:42:25,Role 1,7.0,1.0
125801,Cancelar Solicitud,29277,2016-06-15 14:04:47,2016-06-15 13:55:09,Role 3,2.0,6.0
125801,Notificacion estudiante cancelacion soli,29277,2016-06-16 17:38:04,2016-06-16 17:38:04,Role 3,6.0,6.0
125802,Traer informacion estudiante - banner,8882,2016-06-15 13:55:46,2016-06-15 13:55:46,Role 1,10.0,1.0
125802,Radicar Solicitud Homologacion,8882,2016-06-15 13:55:48,2016-06-15 13:55:48,Role 1,7.0,1.0
125802,Cancelar Solicitud,29277,2016-06-15 14:09:33,2016-06-15 13:59:54,Role 3,2.0,6.0
125802,Notificacion estudiante cancelacion soli,29277,2016-06-16 17:39:00,2016-06-16 17:39:00,Role 3,6.0,6.0
125803,Traer informacion estudiante - banner,8882,2016-06-15 14:14:04,2016-06-15 14:14:04,Role 1,10.0,1.0
125803,Radicar Solicitud Homologacion,8882,2016-06-15 14:14:07,2016-06-15 14:14:07,Role 1,7.0,1.0
125803,Cancelar Solicitud,29277,2016-06-15 14:27:52,2016-06-15 14:18:13,Role 3,2.0,6.0
125803,Notificacion estudiante cancelacion soli,29277,2016-06-16 17:39:24,2016-06-16 17:39:24,Role 3,6.0,6.0
125809,Traer informacion estudiante - banner,2740,2016-06-15 16:26:39,2016-06-15 16:26:39,Role 1,10.0,1.0
125809,Radicar Solicitud Homologacion,2740,2016-06-15 16:27:18,2016-06-15 16:26:40,Role 1,7.0,1.0
125809,Cancelar Solicitud,677,2016-06-15 17:05:53,2016-06-15 17:05:14,Role 3,2.0,6.0
125809,Notificacion estudiante cancelacion soli,677,2016-06-15 17:44:38,2016-06-15 17:44:38,Role 3,6.0,6.0
125811,Traer informacion estudiante - banner,2740,2016-06-15 17:53:31,2016-06-15 17:53:31,Role 1,10.0,1.0
125811,Radicar Solicitud Homologacion,2740,2016-06-15 17:53:50,2016-06-15 17:53:32,Role 1,7.0,1.0
125811,Validar solicitud,677,2016-06-15 18:19:08,2016-06-15 18:12:18,Role 3,14.0,6.0
125811,Homologacion por grupo de cursos,3445,2016-06-16 17:44:25,2016-06-16 17:02:47,Role 2,5.0,5.0
125812,Traer informacion estudiante - banner,9451,2016-06-15 18:20:42,2016-06-15 18:20:42,Role 1,10.0,1.0
125812,Radicar Solicitud Homologacion,9451,2016-06-15 18:20:58,2016-06-15 18:20:43,Role 1,7.0,1.0
125812,Cancelar Solicitud,186,2016-06-15 19:01:55,2016-06-15 18:36:32,Role 3,2.0,6.0
125812,Notificacion estudiante cancelacion soli,186,2016-06-20 21:59:16,2016-06-20 21:59:16,Role 3,6.0,6.0
125953,Traer informacion estudiante - banner,9509,2016-06-16 16:54:37,2016-06-16 16:54:37,Role 1,10.0,1.0
125953,Radicar Solicitud Homologacion,9509,2016-06-16 16:54:46,2016-06-16 16:54:38,Role 1,7.0,1.0
125953,Cancelar Solicitud,29277,2016-06-16 17:03:34,2016-06-16 17:02:53,Role 3,2.0,6.0
125953,Notificacion estudiante cancelacion soli,29277,2016-06-16 17:44:49,2016-06-16 17:44:49,Role 3,6.0,6.0
125957,Traer informacion estudiante - banner,9509,2016-06-16 17:10:47,2016-06-16 17:10:47,Role 1,10.0,1.0
125957,Radicar Solicitud Homologacion,9509,2016-06-16 17:10:53,2016-06-16 17:10:48,Role 1,7.0,1.0
125957,Cancelar Solicitud,29277,2016-06-16 17:17:09,2016-06-16 17:16:40,Role 3,2.0,6.0
125957,Notificacion estudiante cancelacion soli,29277,2016-06-16 17:46:17,2016-06-16 17:46:17,Role 3,6.0,6.0
125958,Traer informacion estudiante - banner,9509,2016-06-16 17:18:37,2016-06-16 17:18:37,Role 1,10.0,1.0
125958,Radicar Solicitud Homologacion,9509,2016-06-16 17:18:48,2016-06-16 17:18:40,Role 1,7.0,1.0
125958,Cancelar Solicitud,29277,2016-06-16 17:27:06,2016-06-16 17:26:47,Role 3,2.0,6.0
125958,Notificacion estudiante cancelacion soli,29277,2016-06-16 17:46:33,2016-06-16 17:46:33,Role 3,6.0,6.0
125959,Traer informacion estudiante - banner,11653,2016-06-16 17:42:06,2016-06-16 17:42:06,Role 1,10.0,1.0
125959,Radicar Solicitud Homologacion,11653,2016-06-16 17:42:17,2016-06-16 17:42:09,Role 1,7.0,1.0
125959,Validar solicitud,22404,2016-06-16 17:52:45,2016-06-16 17:50:36,Role 3,14.0,6.0
125959,Homologacion por grupo de cursos,22404,2016-06-16 21:24:57,2016-06-16 20:31:01,Role 3,5.0,6.0
125962,Traer informacion estudiante - banner,29579,2016-06-16 19:22:44,2016-06-16 19:22:44,Role 1,10.0,1.0
125962,Radicar Solicitud Homologacion,29579,2016-06-16 19:35:22,2016-06-16 19:22:45,Role 1,7.0,1.0
125962,Cancelar Solicitud,22475,2016-06-20 15:04:35,2016-06-20 15:04:32,Role 3,2.0,6.0
125962,Notificacion estudiante cancelacion soli,22475,2016-06-20 16:03:14,2016-06-20 16:03:14,Role 3,6.0,6.0
126151,Validar solicitud,6400,2016-06-19 17:33:46,2016-06-19 17:33:46,Role 3,14.0,6.0
126151,Cancelar Solicitud,6400,2016-06-19 17:35:42,2016-06-19 17:33:47,Role 3,2.0,6.0
126151,Traer informacion estudiante - banner,8525,2016-06-19 18:57:56,2016-06-19 18:57:56,Role 1,10.0,1.0
126151,Radicar Solicitud Homologacion,8525,2016-06-19 18:58:05,2016-06-19 18:58:05,Role 1,7.0,1.0
126151,Notificacion estudiante cancelacion soli,6400,2016-06-20 17:55:19,2016-06-20 17:55:19,Role 3,6.0,6.0
126201,Traer informacion estudiante - banner,8525,2016-06-19 17:42:14,2016-06-19 17:42:14,Role 1,10.0,1.0
126201,Radicar Solicitud Homologacion,8525,2016-06-19 18:22:19,2016-06-19 17:42:19,Role 1,7.0,1.0
126201,Cancelar Solicitud,8525,2016-06-27 00:53:00,2016-06-27 00:53:00,Role 1,2.0,1.0
126201,Notificacion estudiante cancelacion soli,8525,2016-06-27 01:01:44,2016-06-27 01:01:44,Role 1,6.0,1.0
126451,Traer informacion estudiante - banner,14440,2016-06-20 15:27:50,2016-06-20 15:27:50,Role 1,10.0,1.0
126451,Radicar Solicitud Homologacion,14440,2016-06-20 15:31:26,2016-06-20 15:27:53,Role 1,7.0,1.0
126451,Cancelar Solicitud,18929,2016-06-20 19:49:27,2016-06-20 19:33:05,Role 3,2.0,6.0
126451,Notificacion estudiante cancelacion soli,18929,2016-06-22 19:55:56,2016-06-22 19:55:56,Role 3,6.0,6.0
126457,Traer informacion estudiante - banner,29577,2016-06-20 20:50:49,2016-06-20 20:50:49,Role 1,10.0,1.0
126457,Radicar Solicitud Homologacion,29577,2016-06-20 21:18:02,2016-06-20 20:50:52,Role 1,7.0,1.0
126457,Cancelar Solicitud,22475,2016-06-24 01:11:05,2016-06-24 01:10:18,Role 3,2.0,6.0
126457,Notificacion estudiante cancelacion soli,22475,2016-06-24 01:58:15,2016-06-24 01:58:15,Role 3,6.0,6.0
126460,Traer informacion estudiante - banner,6625,2016-06-20 23:58:57,2016-06-20 23:58:57,Role 1,10.0,1.0
126460,Radicar Solicitud Homologacion,6625,2016-06-20 23:59:11,2016-06-20 23:59:00,Role 1,7.0,1.0
126460,Validar solicitud,29277,2016-06-21 00:12:05,2016-06-21 00:10:16,Role 3,14.0,6.0
126460,Homologacion por grupo de cursos,1007,2016-06-21 14:45:16,2016-06-21 14:42:56,Role 2,5.0,5.0
126504,Traer informacion estudiante - banner,11993,2016-06-20 18:48:51,2016-06-20 18:48:51,Role 1,10.0,1.0
126504,Radicar Solicitud Homologacion,11993,2016-06-20 19:10:04,2016-06-20 18:48:53,Role 1,7.0,1.0
126504,Validar solicitud,186,2016-06-23 03:34:43,2016-06-23 03:22:25,Role 3,14.0,6.0
126504,Homologacion por grupo de cursos,26788,2016-06-24 22:37:58,2016-06-24 22:18:52,Role 2,5.0,5.0
126506,Traer informacion estudiante - banner,29578,2016-06-20 19:18:53,2016-06-20 19:18:53,Role 1,10.0,1.0
126506,Radicar Solicitud Homologacion,29578,2016-06-20 19:27:04,2016-06-20 19:18:56,Role 1,7.0,1.0
126506,Notificacion estudiante cancelacion soli,22475,2016-06-21 17:30:04,2016-06-21 17:30:04,Role 3,6.0,6.0
126506,Cancelar Solicitud,22475,2016-06-21 19:27:52,2016-06-21 19:27:52,Role 3,2.0,6.0
126513,Traer informacion estudiante - banner,2512,2016-06-20 22:00:17,2016-06-20 22:00:17,Role 1,10.0,1.0
126513,Radicar Solicitud Homologacion,2512,2016-06-20 22:37:37,2016-06-20 22:00:17,Role 1,7.0,1.0
126513,Radicar Solicitud Homologacion,2512,2016-06-28 01:53:24,2016-06-28 01:45:10,Role 1,7.0,1.0
126513,Cancelar Solicitud,29277,2016-06-29 07:06:18,2016-06-29 07:05:40,Role 3,2.0,6.0
126513,Notificacion estudiante cancelacion soli,29277,2016-06-29 16:38:56,2016-06-29 16:38:56,Role 3,6.0,6.0
126518,Traer informacion estudiante - banner,19591,2016-06-21 00:57:28,2016-06-21 00:57:28,Role 1,10.0,1.0
126518,Radicar Solicitud Homologacion,19591,2016-06-21 00:57:38,2016-06-21 00:57:32,Role 1,7.0,1.0
126518,Validar solicitud,186,2016-06-21 01:06:51,2016-06-21 01:03:58,Role 3,14.0,6.0
126518,Homologacion por grupo de cursos,186,2016-06-21 18:06:17,2016-06-21 17:56:58,Role 3,5.0,6.0
126651,Traer informacion estudiante - banner,2512,2016-06-21 02:29:47,2016-06-21 02:29:47,Role 1,10.0,1.0
126651,Radicar Solicitud Homologacion,2512,2016-06-21 02:29:54,2016-06-21 02:29:54,Role 1,7.0,1.0
126651,Notificacion estudiante cancelacion soli,1,2016-06-30 00:24:06,2016-06-30 00:24:06,Role 6,6.0,9.0
126652,Traer informacion estudiante - banner,2512,2016-06-21 02:37:52,2016-06-21 02:37:52,Role 1,10.0,1.0
126652,Radicar Solicitud Homologacion,2512,2016-06-21 02:37:56,2016-06-21 02:37:56,Role 1,7.0,1.0
126652,Radicar Solicitud Homologacion,2512,2016-06-22 01:05:47,2016-06-22 00:24:12,Role 1,7.0,1.0
126652,Cancelar Solicitud,29277,2016-06-29 07:13:19,2016-06-29 06:59:11,Role 3,2.0,6.0
126652,Notificacion estudiante cancelacion soli,29277,2016-07-01 00:08:35,2016-07-01 00:08:35,Role 3,6.0,6.0
126861,Traer informacion estudiante - banner,11678,2016-06-21 19:37:45,2016-06-21 19:37:45,Role 1,10.0,1.0
126861,Radicar Solicitud Homologacion,11678,2016-06-21 19:38:07,2016-06-21 19:37:45,Role 1,7.0,1.0
126861,Validar solicitud,186,2016-06-21 20:29:15,2016-06-21 20:29:15,Role 3,14.0,6.0
126861,Cancelar Solicitud,11678,2016-06-21 20:57:15,2016-06-21 20:29:15,Role 1,2.0,1.0
126861,Notificacion estudiante cancelacion soli,11678,2016-06-26 18:21:27,2016-06-26 18:21:27,Role 1,6.0,1.0
126951,Traer informacion estudiante - banner,19572,2016-06-21 20:05:05,2016-06-21 20:05:05,Role 1,10.0,1.0
126951,Radicar Solicitud Homologacion,19572,2016-06-21 20:05:10,2016-06-21 20:05:10,Role 1,7.0,1.0
126951,Cancelar Solicitud,241,2016-06-21 20:29:41,2016-06-21 20:20:41,Role 3,2.0,6.0
126951,Notificacion estudiante cancelacion soli,241,2016-06-22 23:00:19,2016-06-22 23:00:19,Role 3,6.0,6.0
126952,Traer informacion estudiante - banner,19572,2016-06-21 20:25:12,2016-06-21 20:25:12,Role 1,10.0,1.0
126952,Radicar Solicitud Homologacion,19572,2016-06-21 20:25:15,2016-06-21 20:25:15,Role 1,7.0,1.0
126952,Cancelar Solicitud,241,2016-06-21 20:39:50,2016-06-21 20:30:42,Role 3,2.0,6.0
126952,Notificacion estudiante cancelacion soli,241,2016-06-22 23:08:20,2016-06-22 23:08:20,Role 3,6.0,6.0
127151,Traer informacion estudiante - banner,22950,2016-06-22 06:32:42,2016-06-22 06:32:42,Role 1,10.0,1.0
127151,Radicar Solicitud Homologacion,22950,2016-06-22 06:32:46,2016-06-22 06:32:46,Role 1,7.0,1.0
127151,Cancelar Solicitud,22404,2016-06-22 07:26:52,2016-06-22 06:45:30,Role 3,2.0,6.0
127151,Notificacion estudiante cancelacion soli,22404,2016-06-29 17:22:33,2016-06-29 17:22:33,Role 3,6.0,6.0
127305,Traer informacion estudiante - banner,11993,2016-06-22 16:29:33,2016-06-22 16:29:33,Role 1,10.0,1.0
127305,Radicar Solicitud Homologacion,11993,2016-06-22 16:37:03,2016-06-22 16:29:33,Role 1,7.0,1.0
127305,Cancelar Solicitud,11993,2016-06-23 03:18:04,2016-06-23 03:18:04,Role 1,2.0,1.0
127305,Notificacion estudiante cancelacion soli,11993,2016-06-23 03:23:50,2016-06-23 03:23:50,Role 1,6.0,1.0
127351,Traer informacion estudiante - banner,11175,2016-06-22 18:23:56,2016-06-22 18:23:56,Role 1,10.0,1.0
127351,Radicar Solicitud Homologacion,11175,2016-06-22 18:24:04,2016-06-22 18:24:01,Role 1,7.0,1.0
127351,Validar solicitud,29277,2016-06-22 18:28:48,2016-06-22 18:27:16,Role 3,14.0,6.0
127351,Homologacion por grupo de cursos,29277,2016-06-22 20:34:45,2016-06-22 20:17:48,Role 3,5.0,6.0
127401,Notificacion estudiante cancelacion soli,695,2016-06-22 20:29:02,2016-06-22 20:29:02,Role 3,6.0,6.0
127401,Traer informacion estudiante - banner,6229,2016-06-22 21:10:08,2016-06-22 21:10:08,Role 1,10.0,1.0
127401,Radicar Solicitud Homologacion,6229,2016-06-22 21:10:14,2016-06-22 21:10:14,Role 1,7.0,1.0
127401,Cancelar Solicitud,695,2016-06-22 21:28:07,2016-06-22 21:28:07,Role 3,2.0,6.0
127402,Notificacion estudiante cancelacion soli,695,2016-06-22 20:33:24,2016-06-22 20:33:24,Role 3,6.0,6.0
127402,Traer informacion estudiante - banner,6229,2016-06-22 21:35:08,2016-06-22 21:35:08,Role 1,10.0,1.0
127402,Radicar Solicitud Homologacion,6229,2016-06-22 21:35:11,2016-06-22 21:35:11,Role 1,7.0,1.0
127402,Cancelar Solicitud,695,2016-06-22 21:38:36,2016-06-22 21:38:36,Role 3,2.0,6.0
127603,Traer informacion estudiante - banner,9146,2016-06-23 15:38:47,2016-06-23 15:38:47,Role 1,10.0,1.0
127603,Radicar Solicitud Homologacion,9146,2016-06-23 15:38:48,2016-06-23 15:38:48,Role 1,7.0,1.0
127603,Cancelar Solicitud,29277,2016-06-23 15:46:05,2016-06-23 15:45:29,Role 3,2.0,6.0
127603,Notificacion estudiante cancelacion soli,29277,2016-06-23 16:36:40,2016-06-23 16:36:40,Role 3,6.0,6.0
127703,Traer informacion estudiante - banner,29577,2016-06-23 23:19:21,2016-06-23 23:19:21,Role 1,10.0,1.0
127703,Radicar Solicitud Homologacion,29577,2016-06-23 23:21:14,2016-06-23 23:19:22,Role 1,7.0,1.0
127703,Cancelar Solicitud,22475,2016-06-24 01:12:47,2016-06-24 01:12:03,Role 3,2.0,6.0
127703,Notificacion estudiante cancelacion soli,22475,2016-06-24 01:56:51,2016-06-24 01:56:51,Role 3,6.0,6.0
127704,Traer informacion estudiante - banner,29577,2016-06-23 23:31:50,2016-06-23 23:31:50,Role 1,10.0,1.0
127704,Radicar Solicitud Homologacion,29577,2016-06-23 23:33:42,2016-06-23 23:31:54,Role 1,7.0,1.0
127704,Cancelar Solicitud,22475,2016-06-24 01:21:13,2016-06-24 01:20:38,Role 3,2.0,6.0
127704,Notificacion estudiante cancelacion soli,22475,2016-06-24 01:55:44,2016-06-24 01:55:44,Role 3,6.0,6.0
127707,Traer informacion estudiante - banner,29577,2016-06-24 00:05:52,2016-06-24 00:05:52,Role 1,10.0,1.0
127707,Radicar Solicitud Homologacion,29577,2016-06-24 00:07:11,2016-06-24 00:05:52,Role 1,7.0,1.0
127707,Cancelar Solicitud,22475,2016-06-24 01:25:58,2016-06-24 01:25:45,Role 3,2.0,6.0
127707,Notificacion estudiante cancelacion soli,22475,2016-06-24 01:39:29,2016-06-24 01:39:29,Role 3,6.0,6.0
127752,Traer informacion estudiante - banner,4840,2016-06-23 22:01:19,2016-06-23 22:01:19,Role 1,10.0,1.0
127752,Radicar Solicitud Homologacion,4840,2016-06-23 22:01:27,2016-06-23 22:01:21,Role 1,7.0,1.0
127752,Validar solicitud,29277,2016-06-23 22:11:37,2016-06-23 22:07:45,Role 3,14.0,6.0
127752,Homologacion por grupo de cursos,1007,2016-06-24 15:39:51,2016-06-24 15:34:22,Role 2,5.0,5.0
127753,Traer informacion estudiante - banner,4840,2016-06-23 22:14:44,2016-06-23 22:14:44,Role 1,10.0,1.0
127753,Radicar Solicitud Homologacion,4840,2016-06-23 22:14:49,2016-06-23 22:14:45,Role 1,7.0,1.0
127753,Validar solicitud,29277,2016-06-23 22:22:55,2016-06-23 22:19:15,Role 3,14.0,6.0
127753,Homologacion por grupo de cursos,1007,2016-06-24 15:47:33,2016-06-24 15:35:33,Role 2,5.0,5.0
127866,Traer informacion estudiante - banner,27293,2016-06-24 21:36:21,2016-06-24 21:36:21,Role 1,10.0,1.0
127866,Radicar Solicitud Homologacion,27293,2016-06-24 21:36:23,2016-06-24 21:36:23,Role 1,7.0,1.0
127866,Validar solicitud,659,2016-06-24 21:42:54,2016-06-24 21:42:46,Role 3,14.0,6.0
127866,Cancelar Solicitud,659,2016-06-24 21:48:55,2016-06-24 21:42:46,Role 3,2.0,6.0
127866,Notificacion estudiante cancelacion soli,659,2016-06-27 18:09:01,2016-06-27 18:09:01,Role 3,6.0,6.0
127869,Traer informacion estudiante - banner,9711,2016-06-24 22:26:43,2016-06-24 22:26:43,Role 1,10.0,1.0
127869,Radicar Solicitud Homologacion,9711,2016-06-24 22:26:57,2016-06-24 22:26:44,Role 1,7.0,1.0
127869,Cancelar Solicitud,9711,2016-06-24 22:43:55,2016-06-24 22:40:36,Role 1,2.0,1.0
127869,Notificacion estudiante cancelacion soli,9711,2016-06-25 18:17:01,2016-06-25 18:17:01,Role 1,6.0,1.0
127951,Traer informacion estudiante - banner,5668,2016-06-25 01:23:24,2016-06-25 01:23:24,Role 1,10.0,1.0
127951,Radicar Solicitud Homologacion,5668,2016-06-25 01:24:04,2016-06-25 01:23:28,Role 1,7.0,1.0
127951,Cancelar Solicitud,29277,2016-06-25 04:03:39,2016-06-25 04:01:27,Role 3,2.0,6.0
127951,Notificacion estudiante cancelacion soli,29277,2016-06-27 18:12:30,2016-06-27 18:12:30,Role 3,6.0,6.0
128451,Traer informacion estudiante - banner,15370,2016-06-26 04:36:09,2016-06-26 04:36:09,Role 1,10.0,1.0
128451,Radicar Solicitud Homologacion,15370,2016-06-26 04:36:14,2016-06-26 04:36:14,Role 1,7.0,1.0
128451,Cancelar Solicitud,15370,2016-06-26 04:52:27,2016-06-26 04:52:27,Role 1,2.0,1.0
128451,Notificacion estudiante cancelacion soli,15370,2016-06-26 05:06:18,2016-06-26 05:06:18,Role 1,6.0,1.0
128853,Traer informacion estudiante - banner,7147,2016-06-27 19:05:20,2016-06-27 19:05:20,Role 1,10.0,1.0
128853,Radicar Solicitud Homologacion,7147,2016-06-27 19:06:15,2016-06-27 19:05:21,Role 1,7.0,1.0
128853,Cancelar Solicitud,29277,2016-06-27 20:47:56,2016-06-27 20:42:06,Role 3,2.0,6.0
128853,Notificacion estudiante cancelacion soli,29277,2016-06-28 17:50:13,2016-06-28 17:50:13,Role 3,6.0,6.0
128860,Traer informacion estudiante - banner,8486,2016-06-27 21:08:37,2016-06-27 21:08:37,Role 1,10.0,1.0
128860,Radicar Solicitud Homologacion,8486,2016-06-27 21:08:42,2016-06-27 21:08:38,Role 1,7.0,1.0
128860,Cancelar Solicitud,29277,2016-06-27 22:05:14,2016-06-27 22:04:47,Role 3,2.0,6.0
128860,Notificacion estudiante cancelacion soli,29277,2016-06-27 22:32:31,2016-06-27 22:32:31,Role 3,6.0,6.0
128951,Traer informacion estudiante - banner,369,2016-06-27 16:15:50,2016-06-27 16:15:50,Role 1,10.0,1.0
128951,Radicar Solicitud Homologacion,369,2016-06-27 16:23:35,2016-06-27 16:15:51,Role 1,7.0,1.0
128951,Cancelar Solicitud,669,2016-06-28 03:40:32,2016-06-28 03:40:17,Role 3,2.0,6.0
128951,Notificacion estudiante cancelacion soli,669,2016-06-28 16:15:46,2016-06-28 16:15:46,Role 3,6.0,6.0
129002,Traer informacion estudiante - banner,4701,2016-06-27 23:56:36,2016-06-27 23:56:36,Role 1,10.0,1.0
129002,Radicar Solicitud Homologacion,4701,2016-06-27 23:56:53,2016-06-27 23:56:40,Role 1,7.0,1.0
129002,Validar solicitud,29277,2016-06-28 00:12:11,2016-06-28 00:09:59,Role 3,14.0,6.0
129002,Cancelar Solicitud,29277,2016-06-28 00:12:14,2016-06-28 00:09:59,Role 3,2.0,6.0
129002,Notificacion estudiante cancelacion soli,29277,2016-06-28 16:25:10,2016-06-28 16:25:10,Role 3,6.0,6.0
129052,Traer informacion estudiante - banner,369,2016-06-28 03:41:26,2016-06-28 03:41:26,Role 1,10.0,1.0
129052,Radicar Solicitud Homologacion,369,2016-06-28 03:41:27,2016-06-28 03:41:27,Role 1,7.0,1.0
129052,Cancelar Solicitud,669,2016-06-28 03:45:41,2016-06-28 03:45:29,Role 3,2.0,6.0
129052,Notificacion estudiante cancelacion soli,669,2016-06-28 16:12:44,2016-06-28 16:12:44,Role 3,6.0,6.0
129254,Traer informacion estudiante - banner,19692,2016-06-28 14:34:25,2016-06-28 14:34:25,Role 1,10.0,1.0
129254,Radicar Solicitud Homologacion,19692,2016-06-28 14:34:25,2016-06-28 14:34:25,Role 1,7.0,1.0
129254,Validar solicitud,29277,2016-06-28 14:39:09,2016-06-28 14:38:41,Role 3,14.0,6.0
129254,Homologacion por grupo de cursos,1007,2016-06-28 16:32:57,2016-06-28 16:28:36,Role 2,5.0,5.0
129262,Traer informacion estudiante - banner,19692,2016-06-28 15:08:14,2016-06-28 15:08:14,Role 1,10.0,1.0
129262,Radicar Solicitud Homologacion,19692,2016-06-28 15:08:15,2016-06-28 15:08:15,Role 1,7.0,1.0
129262,Validar solicitud,29277,2016-06-28 15:11:15,2016-06-28 15:10:32,Role 3,14.0,6.0
129262,Homologacion por grupo de cursos,1007,2016-06-28 16:47:25,2016-06-28 16:43:19,Role 2,5.0,5.0
