id_case,activity,enabled_time,start_time,end_time,role,resource,wip_wait,wip_start,wip_end,wip_activity,ro_total,ro_single,queue,prefix,attribute_case,attribute_event
0,A,2020-08-17 14:42:03,2020-08-17 14:42:03,2020-08-17 14:47:30,ABC-000001,ABC-000001,1,1,1,1,"[0.0, 0.0, 0.0, 0.0, 1.0]",1.0,327,['A'],{},{}
0,B,2020-08-17 14:47:30,2020-08-17 14:47:30,2020-08-17 14:51:43,ABC-000001,ABC-000001,1,1,1,1,"[0.0, 0.0, 0.0, 0.0, 1.0]",1.0,253,"['A', 'B']",{},{}
0,E,2020-08-17 14:51:43,2020-08-17 14:51:43,2020-08-17 14:55:15,ABC-000001,ABC-000001,1,1,1,1,"[0.0, 0.0, 0.0, 0.0, 1.0]",1.0,212,"['A', 'B', 'E']",{},{}
0,F,2020-08-17 15:49:47,2020-08-17 15:49:47,2020-08-17 15:53:41,ABC-000001,ABC-000001,1,1,1,1,"[0.0, 0.0, 0.0, 0.0, 1.0]",1.0,234,"['A', 'B', 'E', 'F']",{},{}
1,A,2020-08-17 15:53:41,2020-08-17 15:53:41,2020-08-17 15:59:08,ABC-000001,ABC-000001,2,2,2,1,"[0.0, 0.0, 0.0, 0.0, 1.0]",1.0,327,['A'],{},{}
0,C,2020-08-17 15:59:08,2020-08-17 15:59:08,2020-08-17 16:06:01,ABC-000001,ABC-000001,2,2,2,1,"[0.0, 0.0, 0.0, 0.0, 1.0]",1.0,413,"['A', 'B', 'E', 'F', 'C']",{},{}
0,D,2020-08-17 16:06:01,2020-08-17 16:06:01,2020-08-17 16:15:13,ABC-000001,ABC-000001,2,2,2,1,"[0.0, 0.0, 0.0, 0.0, 1.0]",1.0,552,"['A', 'B', 'E', 'F', 'C', 'D']",{},{}
0,H,2020-08-17 16:15:13,2020-08-17 16:15:13,2020-08-17 16:19:38,ABC-000001,ABC-000001,2,2,2,1,"[0.0, 0.0, 0.0, 0.0, 1.0]",1.0,265,"['A', 'B', 'E', 'F', 'C', 'D', 'H']",{},{}
2,A,2020-08-17 16:19:38,2020-08-17 16:19:38,2020-08-17 16:25:05,ABC-000001,ABC-000001,3,3,3,1,"[0.0, 0.0, 0.0, 0.0, 1.0]",1.0,327,['A'],{},{}
0,G,2020-08-17 16:25:05,2020-08-17 16:25:05,2020-08-17 16:26:10,ABC-000001,ABC-000001,3,3,3,1,"[0.0, 0.0, 0.0, 0.0, 1.0]",1.0,65,"['A', 'B', 'E', 'F', 'C', 'D', 'H', 'G']",{},{}
0,I,2020-08-17 16:26:10,2020-08-17 16:26:10,2020-08-17 16:33:29,ABC-000001,ABC-000001,3,3,3,1,"[0.0, 0.0, 0.0, 0.0, 1.0]",1.0,439,"['A', 'B', 'E', 'F', 'C', 'D', 'H', 'G', 'I']",{},{}
2,B,2020-08-17 16:33:29,2020-08-17 16:33:29,2020-08-17 16:37:41,ABC-000001,ABC-000001,3,3,3,1,"[0.0, 0.0, 0.0, 0.0, 1.0]",1.0,252,"['A', 'B']",{},{}
2,E,2020-08-17 16:37:41,2020-08-17 16:37:41,2020-08-17 16:41:13,ABC-000001,ABC-000001,3,3,3,1,"[0.0, 0.0, 0.0, 0.0, 1.0]",1.0,212,"['A', 'B', 'E']",{},{}
2,F,2020-08-17 16:41:13,2020-08-17 16:41:13,2020-08-17 16:45:07,ABC-000001,ABC-000001,3,3,3,1,"[0.0, 0.0, 0.0, 0.0, 1.0]",1.0,234,"['A', 'B', 'E', 'F']",{},{}
0,J,2020-08-17 16:45:07,2020-08-17 16:45:07,2020-08-17 16:48:03,ABC-000001,ABC-000001,3,3,3,1,"[0.0, 0.0, 0.0, 0.0, 1.0]",1.0,176,"['A', 'B', 'E', 'F', 'C', 'D', 'H', 'G', 'I', 'J']",{},{}
0,P,2020-08-17 16:48:03,2020-08-17 16:48:03,2020-08-17 16:51:02,ABC-000001,ABC-000001,3,3,3,1,"[0.0, 0.0, 0.0, 0.0, 1.0]",1.0,179,"['A', 'B', 'E', 'F', 'C', 'D', 'H', 'G', 'I', 'J', 'P']",{},{}
1,B,2020-08-17 16:51:02,2020-08-17 16:51:02,2020-08-17 16:55:10,ABC-000001,ABC-000001,3,3,3,1,"[0.0, 0.33, 0.0, 0.0, 1.0]",1.0,248,"['A', 'B']",{},{}
2,C,2020-08-17 16:55:10,2020-08-17 16:55:10,2020-08-17 17:02:00,ABC-000001,ABC-000001,3,3,3,1,"[0.0, 0.33, 0.0, 0.0, 1.0]",1.0,410,"['A', 'B', 'E', 'F', 'C']",{},{}
0,Q,2020-08-17 16:51:02,2020-08-17 16:51:02,2020-08-17 17:03:26,DEF-000001,DEF-000001,3,3,3,1,"[0.0, 0.33, 0.0, 0.0, 1.0]",1.0,744,"['A', 'B', 'E', 'F', 'C', 'D', 'H', 'G', 'I', 'J', 'P', 'Q']",{},{}
0,R,2020-08-17 17:03:26,2020-08-17 17:03:26,2020-08-17 17:08:32,DEF-000002,DEF-000002,3,3,3,1,"[0.0, 0.33, 0.0, 0.0, 1.0]",1.0,306,"['A', 'B', 'E', 'F', 'C', 'D', 'H', 'G', 'I', 'J', 'P', 'Q', 'R']",{},{}
2,D,2020-08-17 17:02:00,2020-08-17 17:02:00,2020-08-17 17:11:12,ABC-000001,ABC-000001,3,3,3,1,"[0.0, 0.33, 0.0, 0.0, 1.0]",1.0,552,"['A', 'B', 'E', 'F', 'C', 'D']",{},{}
0,S,2020-08-17 17:08:32,2020-08-17 17:08:32,2020-08-17 17:11:56,DEF-000003,DEF-000003,3,3,3,1,"[0.0, 0.33, 0.0, 0.0, 1.0]",1.0,204,"['A', 'B', 'E', 'F', 'C', 'D', 'H', 'G', 'I', 'J', 'P', 'Q', 'R', 'S']",{},{}
0,T,2020-08-17 17:11:56,2020-08-17 17:11:56,2020-08-17 17:13:49,DEF-000003,DEF-000003,3,3,3,1,"[0.0, 0.33, 0.0, 0.0, 1.0]",1.0,113,"['A', 'B', 'E', 'F', 'C', 'D', 'H', 'G', 'I', 'J', 'P', 'Q', 'R', 'S', 'T']",{},{}
1,E,2020-08-17 17:11:12,2020-08-17 17:11:12,2020-08-17 17:14:44,ABC-000001,ABC-000001,3,3,3,1,"[0.0, 0.33, 0.0, 0.0, 1.0]",1.0,212,"['A', 'B', 'E']",{},{}
1,F,2020-08-17 17:14:44,2020-08-17 17:14:44,2020-08-17 17:18:38,ABC-000001,ABC-000001,3,3,3,1,"[0.0, 0.0, 0.0, 0.0, 1.0]",1.0,234,"['A', 'B', 'E', 'F']",{},{}
2,H,2020-08-17 17:18:38,2020-08-17 17:18:38,2020-08-17 17:23:04,ABC-000001,ABC-000001,3,3,3,1,"[0.0, 0.0, 0.0, 0.0, 1.0]",1.0,266,"['A', 'B', 'E', 'F', 'C', 'D', 'H']",{},{}
0,I,2020-08-17 17:23:04,2020-08-17 17:23:04,2020-08-17 17:25:05,ABC-000001,ABC-000001,3,3,3,1,"[0.0, 0.0, 0.0, 0.0, 1.0]",1.0,121,"['A', 'B', 'E', 'F', 'C', 'D', 'H', 'G', 'I', 'J', 'P', 'Q', 'R', 'S', 'T', 'I']",{},{}
1,C,2020-08-17 17:25:05,2020-08-17 17:25:05,2020-08-17 17:31:55,ABC-000001,ABC-000001,3,3,3,1,"[0.0, 0.0, 0.0, 0.0, 1.0]",1.0,410,"['A', 'B', 'E', 'F', 'C']",{},{}
2,G,2020-08-17 17:31:55,2020-08-17 17:31:55,2020-08-17 17:33:03,ABC-000001,ABC-000001,3,3,3,1,"[0.0, 0.0, 0.0, 0.0, 1.0]",1.0,68,"['A', 'B', 'E', 'F', 'C', 'D', 'H', 'G']",{},{}
0,J,2020-08-17 17:33:03,2020-08-17 17:33:03,2020-08-17 17:34:08,ABC-000001,ABC-000001,3,3,3,1,"[0.0, 0.0, 0.0, 0.0, 1.0]",1.0,65,"['A', 'B', 'E', 'F', 'C', 'D', 'H', 'G', 'I', 'J', 'P', 'Q', 'R', 'S', 'T', 'I', 'J']",{},{}
0,P,2020-08-17 17:34:08,2020-08-17 17:34:08,2020-08-17 17:37:16,ABC-000001,ABC-000001,3,3,3,1,"[0.0, 0.0, 0.0, 0.0, 1.0]",1.0,188,"['A', 'B', 'E', 'F', 'C', 'D', 'H', 'G', 'I', 'J', 'P', 'Q', 'R', 'S', 'T', 'I', 'J', 'P']",{},{}
3,A,2020-08-17 17:41:41,2020-08-17 17:41:41,2020-08-17 17:46:59,ABC-000001,ABC-000001,4,4,4,1,"[0.0, 0.33, 0.0, 0.0, 1.0]",1.0,318,['A'],{},{}
0,Q,2020-08-17 17:37:16,2020-08-17 17:37:16,2020-08-17 17:47:31,DEF-000003,DEF-000003,3,3,4,1,"[0.0, 0.33, 0.0, 0.0, 0.0]",1.0,615,"['A', 'B', 'E', 'F', 'C', 'D', 'H', 'G', 'I', 'J', 'P', 'Q', 'R', 'S', 'T', 'I', 'J', 'P', 'Q']",{},{}
2,I,2020-08-17 17:46:59,2020-08-17 17:46:59,2020-08-17 17:54:29,ABC-000001,ABC-000001,4,4,4,1,"[0.0, 0.33, 0.0, 0.0, 1.0]",1.0,450,"['A', 'B', 'E', 'F', 'C', 'D', 'H', 'G', 'I']",{},{}
0,R,2020-08-17 17:47:31,2020-08-17 17:47:31,2020-08-17 17:55:52,DEF-000002,DEF-000002,4,4,4,1,"[0.0, 0.33, 0.0, 0.0, 1.0]",1.0,501,"['A', 'B', 'E', 'F', 'C', 'D', 'H', 'G', 'I', 'J', 'P', 'Q', 'R', 'S', 'T', 'I', 'J', 'P', 'Q', 'R']",{},{}
0,S,2020-08-17 17:55:52,2020-08-17 17:55:52,2020-08-17 18:00:08,DEF-000003,DEF-000003,4,4,4,1,"[0.0, 0.33, 0.0, 0.0, 1.0]",1.0,256,"['A', 'B', 'E', 'F', 'C', 'D', 'H', 'G', 'I', 'J', 'P', 'Q', 'R', 'S', 'T', 'I', 'J', 'P', 'Q', 'R', 'S']",{},{}
0,T,2020-08-17 18:00:08,2020-08-17 18:00:08,2020-08-17 18:01:49,DEF-000001,DEF-000001,4,4,4,1,"[0.0, 0.33, 0.0, 0.0, 1.0]",1.0,101,"['A', 'B', 'E', 'F', 'C', 'D', 'H', 'G', 'I', 'J', 'P', 'Q', 'R', 'S', 'T', 'I', 'J', 'P', 'Q', 'R', 'S', 'T']",{},{}
1,D,2020-08-17 17:54:29,2020-08-17 17:54:29,2020-08-17 18:03:18,ABC-000001,ABC-000001,4,4,3,1,"[0.0, 0.33, 0.0, 0.0, 1.0]",1.0,529,"['A', 'B', 'E', 'F', 'C', 'D']",{},{}
3,B,2020-08-17 18:03:18,2020-08-17 18:03:18,2020-08-17 18:07:29,ABC-000001,ABC-000001,3,3,3,1,"[0.0, 0.0, 0.0, 0.0, 1.0]",1.0,251,"['A', 'B']",{},{}
2,J,2020-08-17 18:07:29,2020-08-17 18:07:29,2020-08-17 18:10:33,ABC-000001,ABC-000001,3,3,3,1,"[0.0, 0.0, 0.0, 0.0, 1.0]",1.0,184,"['A', 'B', 'E', 'F', 'C', 'D', 'H', 'G', 'I', 'J']",{},{}
2,K,2020-08-17 18:10:33,2020-08-17 18:10:33,2020-08-17 18:13:40,ABC-000001,ABC-000001,3,3,3,1,"[0.0, 0.0, 0.0, 0.0, 1.0]",1.0,187,"['A', 'B', 'E', 'F', 'C', 'D', 'H', 'G', 'I', 'J', 'K']",{},{}
1,H,2020-08-17 18:13:40,2020-08-17 18:13:40,2020-08-17 18:17:58,ABC-000001,ABC-000001,3,3,3,1,"[0.0, 0.0, 0.0, 0.0, 1.0]",1.0,258,"['A', 'B', 'E', 'F', 'C', 'D', 'H']",{},{}
1,G,2020-08-17 18:17:58,2020-08-17 18:17:58,2020-08-17 18:18:59,ABC-000001,ABC-000001,3,3,3,1,"[0.0, 0.0, 0.0, 0.0, 1.0]",1.0,61,"['A', 'B', 'E', 'F', 'C', 'D', 'H', 'G']",{},{}
1,I,2020-08-17 18:18:59,2020-08-17 18:18:59,2020-08-17 18:26:27,ABC-000001,ABC-000001,3,3,3,1,"[0.0, 0.0, 0.0, 0.0, 1.0]",1.0,448,"['A', 'B', 'E', 'F', 'C', 'D', 'H', 'G', 'I']",{},{}
1,J,2020-08-17 18:26:27,2020-08-17 18:26:27,2020-08-17 18:29:25,ABC-000001,ABC-000001,3,3,3,1,"[0.0, 0.0, 0.0, 0.0, 1.0]",1.0,178,"['A', 'B', 'E', 'F', 'C', 'D', 'H', 'G', 'I', 'J']",{},{}
2,N,2020-08-17 18:29:25,2020-08-17 18:29:25,2020-08-17 18:32:30,ABC-000001,ABC-000001,3,3,3,1,"[0.0, 0.0, 0.0, 0.0, 1.0]",1.0,185,"['A', 'B', 'E', 'F', 'C', 'D', 'H', 'G', 'I', 'J', 'K', 'N']",{},{}
4,A,2020-08-17 18:32:30,2020-08-17 18:32:30,2020-08-17 18:37:56,ABC-000001,ABC-000001,4,4,4,1,"[0.0, 0.0, 0.33, 0.0, 1.0]",1.0,326,['A'],{},{}
3,E,2020-08-17 18:37:56,2020-08-17 18:37:56,2020-08-17 18:41:28,ABC-000001,ABC-000001,4,4,4,1,"[0.0, 0.0, 0.33, 0.0, 1.0]",1.0,212,"['A', 'B', 'E']",{},{}
1,P,2020-08-17 18:41:28,2020-08-17 18:41:28,2020-08-17 18:44:40,ABC-000001,ABC-000001,4,4,4,1,"[0.0, 0.0, 0.33, 0.0, 1.0]",1.0,192,"['A', 'B', 'E', 'F', 'C', 'D', 'H', 'G', 'I', 'J', 'P']",{},{}
3,F,2020-08-17 18:44:40,2020-08-17 18:44:40,2020-08-17 18:48:30,ABC-000001,ABC-000001,4,4,4,1,"[0.0, 0.33, 0.33, 0.0, 1.0]",1.0,230,"['A', 'B', 'E', 'F']",{},{}
3,C,2020-08-17 18:48:30,2020-08-17 18:48:30,2020-08-17 18:54:51,ABC-000001,ABC-000001,4,4,4,1,"[0.0, 0.33, 0.33, 0.0, 1.0]",1.0,381,"['A', 'B', 'E', 'F', 'C']",{},{}
1,Q,2020-08-17 18:44:40,2020-08-17 18:44:40,2020-08-17 18:55:42,DEF-000001,DEF-000001,4,4,4,1,"[0.0, 0.33, 0.33, 0.0, 1.0]",1.0,662,"['A', 'B', 'E', 'F', 'C', 'D', 'H', 'G', 'I', 'J', 'P', 'Q']",{},{}
4,B,2020-08-17 18:54:51,2020-08-17 18:54:51,2020-08-17 18:58:57,ABC-000001,ABC-000001,4,4,4,1,"[0.0, 0.33, 0.33, 0.0, 1.0]",1.0,246,"['A', 'B']",{},{}
1,R,2020-08-17 18:55:42,2020-08-17 18:55:42,2020-08-17 19:00:27,DEF-000002,DEF-000002,4,4,4,1,"[0.0, 0.33, 0.33, 0.0, 1.0]",1.0,285,"['A', 'B', 'E', 'F', 'C', 'D', 'H', 'G', 'I', 'J', 'P', 'Q', 'R']",{},{}
1,S,2020-08-17 19:00:27,2020-08-17 19:00:27,2020-08-17 19:03:24,DEF-000003,DEF-000003,4,4,4,1,"[0.0, 0.33, 0.33, 0.0, 1.0]",1.0,177,"['A', 'B', 'E', 'F', 'C', 'D', 'H', 'G', 'I', 'J', 'P', 'Q', 'R', 'S']",{},{}
1,T,2020-08-17 19:03:24,2020-08-17 19:03:24,2020-08-17 19:05:02,DEF-000003,DEF-000003,4,4,4,1,"[0.0, 0.33, 0.33, 0.0, 1.0]",1.0,98,"['A', 'B', 'E', 'F', 'C', 'D', 'H', 'G', 'I', 'J', 'P', 'Q', 'R', 'S', 'T']",{},{}
3,D,2020-08-17 18:58:57,2020-08-17 18:58:57,2020-08-17 19:07:16,ABC-000001,ABC-000001,4,4,4,1,"[0.0, 0.33, 0.33, 0.0, 1.0]",1.0,499,"['A', 'B', 'E', 'F', 'C', 'D']",{},{}
1,I,2020-08-17 19:07:16,2020-08-17 19:07:16,2020-08-17 19:09:10,ABC-000001,ABC-000001,4,4,4,1,"[0.0, 0.0, 0.33, 0.0, 1.0]",1.0,114,"['A', 'B', 'E', 'F', 'C', 'D', 'H', 'G', 'I', 'J', 'P', 'Q', 'R', 'S', 'T', 'I']",{},{}
3,H,2020-08-17 19:09:10,2020-08-17 19:09:10,2020-08-17 19:13:21,ABC-000001,ABC-000001,4,4,4,1,"[0.0, 0.0, 0.33, 0.0, 1.0]",1.0,251,"['A', 'B', 'E', 'F', 'C', 'D', 'H']",{},{}
4,E,2020-08-17 19:13:21,2020-08-17 19:13:21,2020-08-17 19:16:51,ABC-000001,ABC-000001,4,4,4,1,"[0.0, 0.0, 0.33, 0.0, 1.0]",1.0,210,"['A', 'B', 'E']",{},{}
4,F,2020-08-17 19:16:51,2020-08-17 19:16:51,2020-08-17 19:20:39,ABC-000001,ABC-000001,4,4,4,1,"[0.0, 0.0, 0.33, 0.0, 1.0]",1.0,228,"['A', 'B', 'E', 'F']",{},{}
1,J,2020-08-17 19:20:39,2020-08-17 19:20:39,2020-08-17 19:21:39,ABC-000001,ABC-000001,4,4,4,1,"[0.0, 0.0, 0.33, 0.0, 1.0]",1.0,60,"['A', 'B', 'E', 'F', 'C', 'D', 'H', 'G', 'I', 'J', 'P', 'Q', 'R', 'S', 'T', 'I', 'J']",{},{}
1,P,2020-08-17 19:21:39,2020-08-17 19:21:39,2020-08-17 19:25:08,ABC-000001,ABC-000001,4,4,4,1,"[0.0, 0.0, 0.33, 0.0, 1.0]",1.0,209,"['A', 'B', 'E', 'F', 'C', 'D', 'H', 'G', 'I', 'J', 'P', 'Q', 'R', 'S', 'T', 'I', 'J', 'P']",{},{}
3,G,2020-08-17 19:25:08,2020-08-17 19:25:08,2020-08-17 19:26:24,ABC-000001,ABC-000001,4,4,4,1,"[0.0, 0.33, 0.33, 0.0, 1.0]",1.0,76,"['A', 'B', 'E', 'F', 'C', 'D', 'H', 'G']",{},{}
3,I,2020-08-17 19:26:24,2020-08-17 19:26:24,2020-08-17 19:33:03,ABC-000001,ABC-000001,4,4,4,1,"[0.0, 0.33, 0.33, 0.0, 1.0]",1.0,399,"['A', 'B', 'E', 'F', 'C', 'D', 'H', 'G', 'I']",{},{}
3,J,2020-08-17 19:33:03,2020-08-17 19:33:03,2020-08-17 19:36:20,ABC-000001,ABC-000001,4,4,4,1,"[0.0, 0.33, 0.33, 0.0, 1.0]",1.0,197,"['A', 'B', 'E', 'F', 'C', 'D', 'H', 'G', 'I', 'J']",{},{}
1,Q,2020-08-17 19:25:08,2020-08-17 19:25:08,2020-08-17 19:37:45,DEF-000003,DEF-000003,4,4,4,1,"[0.0, 0.33, 0.33, 0.0, 1.0]",1.0,757,"['A', 'B', 'E', 'F', 'C', 'D', 'H', 'G', 'I', 'J', 'P', 'Q', 'R', 'S', 'T', 'I', 'J', 'P', 'Q']",{},{}
4,C,2020-08-17 19:36:20,2020-08-17 19:36:20,2020-08-17 19:42:48,ABC-000001,ABC-000001,4,4,4,1,"[0.0, 0.33, 0.33, 0.0, 1.0]",1.0,388,"['A', 'B', 'E', 'F', 'C']",{},{}
3,P,2020-08-17 19:42:48,2020-08-17 19:42:48,2020-08-17 19:46:19,ABC-000001,ABC-000001,4,4,4,1,"[0.0, 0.33, 0.33, 0.0, 1.0]",1.0,211,"['A', 'B', 'E', 'F', 'C', 'D', 'H', 'G', 'I', 'J', 'P']",{},{}
1,R,2020-08-17 19:37:45,2020-08-17 19:37:45,2020-08-17 19:46:47,DEF-000002,DEF-000002,4,4,4,1,"[0.0, 0.33, 0.33, 0.0, 1.0]",1.0,542,"['A', 'B', 'E', 'F', 'C', 'D', 'H', 'G', 'I', 'J', 'P', 'Q', 'R', 'S', 'T', 'I', 'J', 'P', 'Q', 'R']",{},{}
1,S,2020-08-17 19:46:47,2020-08-17 19:46:47,2020-08-17 19:51:17,DEF-000002,DEF-000002,4,4,4,1,"[0.0, 0.67, 0.33, 0.0, 1.0]",1.0,270,"['A', 'B', 'E', 'F', 'C', 'D', 'H', 'G', 'I', 'J', 'P', 'Q', 'R', 'S', 'T', 'I', 'J', 'P', 'Q', 'R', 'S']",{},{}
1,T,2020-08-17 19:51:17,2020-08-17 19:51:17,2020-08-17 19:52:42,DEF-000002,DEF-000002,4,4,4,1,"[0.0, 0.67, 0.33, 0.0, 1.0]",1.0,85,"['A', 'B', 'E', 'F', 'C', 'D', 'H', 'G', 'I', 'J', 'P', 'Q', 'R', 'S', 'T', 'I', 'J', 'P', 'Q', 'R', 'S', 'T']",{},{}
4,D,2020-08-17 19:46:19,2020-08-17 19:46:19,2020-08-17 19:55:01,ABC-000001,ABC-000001,4,4,3,1,"[0.0, 0.67, 0.33, 0.0, 1.0]",1.0,522,"['A', 'B', 'E', 'F', 'C', 'D']",{},{}
5,A,2020-08-17 19:55:01,2020-08-17 19:55:01,2020-08-17 20:00:18,ABC-000001,ABC-000001,4,4,4,1,"[0.0, 0.33, 0.33, 0.0, 1.0]",1.0,317,['A'],{},{}
5,B,2020-08-17 20:00:18,2020-08-17 20:00:18,2020-08-17 20:04:23,ABC-000001,ABC-000001,4,4,4,1,"[0.0, 0.33, 0.33, 0.0, 1.0]",1.0,245,"['A', 'B']",{},{}
3,Q,2020-08-17 19:46:19,2020-08-17 19:46:19,2020-08-17 20:05:53,DEF-000003,DEF-000003,4,4,4,1,"[0.0, 0.67, 0.33, 0.0, 1.0]",1.0,1174,"['A', 'B', 'E', 'F', 'C', 'D', 'H', 'G', 'I', 'J', 'P', 'Q']",{},{}
4,H,2020-08-17 20:04:23,2020-08-17 20:04:23,2020-08-17 20:08:36,ABC-000001,ABC-000001,4,4,4,1,"[0.0, 0.33, 0.33, 0.0, 1.0]",1.0,253,"['A', 'B', 'E', 'F', 'C', 'D', 'H']",{},{}
4,G,2020-08-17 20:08:36,2020-08-17 20:08:36,2020-08-17 20:09:51,ABC-000001,ABC-000001,4,4,4,1,"[0.0, 0.33, 0.33, 0.0, 1.0]",1.0,75,"['A', 'B', 'E', 'F', 'C', 'D', 'H', 'G']",{},{}
3,R,2020-08-17 20:05:53,2020-08-17 20:05:53,2020-08-17 20:11:59,DEF-000003,DEF-000003,4,4,4,1,"[0.0, 0.33, 0.33, 0.0, 1.0]",1.0,366,"['A', 'B', 'E', 'F', 'C', 'D', 'H', 'G', 'I', 'J', 'P', 'Q', 'R']",{},{}
5,E,2020-08-17 20:09:51,2020-08-17 20:09:51,2020-08-17 20:13:21,ABC-000001,ABC-000001,4,4,4,1,"[0.0, 0.33, 0.33, 0.0, 1.0]",1.0,210,"['A', 'B', 'E']",{},{}
2,Y,2020-08-17 18:32:30,2020-08-17 18:32:30,2020-08-17 20:13:58,JKL-000003,JKL-000003,3,4,4,1,"[0.0, 0.0, 0.33, 0.0, 1.0]",1.0,6088,"['A', 'B', 'E', 'F', 'C', 'D', 'H', 'G', 'I', 'J', 'K', 'N', 'Y']",{},{}
3,S,2020-08-17 20:11:59,2020-08-17 20:11:59,2020-08-17 20:15:23,DEF-000002,DEF-000002,4,4,4,1,"[0.0, 0.33, 0.33, 0.0, 1.0]",1.0,204,"['A', 'B', 'E', 'F', 'C', 'D', 'H', 'G', 'I', 'J', 'P', 'Q', 'R', 'S']",{},{}
3,T,2020-08-17 20:15:23,2020-08-17 20:15:23,2020-08-17 20:16:14,DEF-000003,DEF-000003,4,4,4,1,"[0.0, 0.33, 0.33, 0.0, 1.0]",1.0,51,"['A', 'B', 'E', 'F', 'C', 'D', 'H', 'G', 'I', 'J', 'P', 'Q', 'R', 'S', 'T']",{},{}
5,F,2020-08-17 20:13:21,2020-08-17 20:13:21,2020-08-17 20:17:09,ABC-000001,ABC-000001,4,4,3,1,"[0.0, 0.33, 0.33, 0.0, 1.0]",1.0,228,"['A', 'B', 'E', 'F']",{},{}
2,Z,2020-08-17 20:13:58,2020-08-17 20:13:58,2020-08-17 20:19:08,JKL-000001,JKL-000001,4,4,3,1,"[0.0, 0.33, 0.33, 0.0, 1.0]",1.0,310,"['A', 'B', 'E', 'F', 'C', 'D', 'H', 'G', 'I', 'J', 'K', 'N', 'Y', 'Z']",{},{}
4,I,2020-08-17 20:17:09,2020-08-17 20:17:09,2020-08-17 20:24:07,ABC-000001,ABC-000001,3,3,3,1,"[0.0, 0.0, 0.33, 0.0, 1.0]",1.0,418,"['A', 'B', 'E', 'F', 'C', 'D', 'H', 'G', 'I']",{},{}
4,J,2020-08-17 20:24:07,2020-08-17 20:24:07,2020-08-17 20:27:07,ABC-000001,ABC-000001,3,3,3,1,"[0.0, 0.0, 0.33, 0.0, 1.0]",1.0,180,"['A', 'B', 'E', 'F', 'C', 'D', 'H', 'G', 'I', 'J']",{},{}
5,C,2020-08-17 20:27:07,2020-08-17 20:27:07,2020-08-17 20:33:30,ABC-000001,ABC-000001,3,3,3,1,"[0.0, 0.0, 0.33, 0.0, 1.0]",1.0,383,"['A', 'B', 'E', 'F', 'C']",{},{}
4,P,2020-08-17 20:33:30,2020-08-17 20:33:30,2020-08-17 20:36:23,ABC-000001,ABC-000001,3,3,3,1,"[0.0, 0.0, 0.33, 0.0, 1.0]",1.0,173,"['A', 'B', 'E', 'F', 'C', 'D', 'H', 'G', 'I', 'J', 'P']",{},{}
6,A,2020-08-17 20:36:23,2020-08-17 20:36:23,2020-08-17 20:41:40,ABC-000001,ABC-000001,4,4,4,1,"[0.0, 0.33, 0.33, 0.0, 1.0]",1.0,317,['A'],{},{}
6,B,2020-08-17 20:41:40,2020-08-17 20:41:40,2020-08-17 20:45:45,ABC-000001,ABC-000001,4,4,4,1,"[0.0, 0.33, 0.33, 0.0, 1.0]",1.0,245,"['A', 'B']",{},{}
6,E,2020-08-17 20:45:45,2020-08-17 20:45:45,2020-08-17 20:49:15,ABC-000001,ABC-000001,4,4,4,1,"[0.0, 0.33, 0.33, 0.0, 1.0]",1.0,210,"['A', 'B', 'E']",{},{}
4,Q,2020-08-17 20:36:23,2020-08-17 20:36:23,2020-08-17 20:54:28,DEF-000002,DEF-000002,3,4,4,1,"[0.0, 0.33, 0.33, 0.0, 1.0]",1.0,1085,"['A', 'B', 'E', 'F', 'C', 'D', 'H', 'G', 'I', 'J', 'P', 'Q']",{},{}
5,D,2020-08-17 20:49:15,2020-08-17 20:49:15,2020-08-17 20:57:47,ABC-000001,ABC-000001,4,4,4,1,"[0.0, 0.33, 0.33, 0.0, 1.0]",1.0,512,"['A', 'B', 'E', 'F', 'C', 'D']",{},{}
4,R,2020-08-17 20:54:28,2020-08-17 20:54:28,2020-08-17 20:59:50,DEF-000002,DEF-000002,4,4,4,1,"[0.0, 0.33, 0.33, 0.0, 1.0]",1.0,322,"['A', 'B', 'E', 'F', 'C', 'D', 'H', 'G', 'I', 'J', 'P', 'Q', 'R']",{},{}
6,F,2020-08-17 20:57:47,2020-08-17 20:57:47,2020-08-17 21:01:35,ABC-000001,ABC-000001,4,4,4,1,"[0.0, 0.33, 0.33, 0.0, 1.0]",1.0,228,"['A', 'B', 'E', 'F']",{},{}
4,S,2020-08-17 20:59:50,2020-08-17 20:59:50,2020-08-17 21:02:29,DEF-000002,DEF-000002,4,4,4,1,"[0.0, 0.33, 0.33, 0.0, 1.0]",1.0,159,"['A', 'B', 'E', 'F', 'C', 'D', 'H', 'G', 'I', 'J', 'P', 'Q', 'R', 'S']",{},{}
4,T,2020-08-17 21:02:29,2020-08-17 21:02:29,2020-08-17 21:03:18,DEF-000003,DEF-000003,4,4,4,1,"[0.0, 0.33, 0.33, 0.0, 1.0]",1.0,49,"['A', 'B', 'E', 'F', 'C', 'D', 'H', 'G', 'I', 'J', 'P', 'Q', 'R', 'S', 'T']",{},{}
6,C,2020-08-17 21:01:35,2020-08-17 21:01:35,2020-08-17 21:07:55,ABC-000001,ABC-000001,4,4,4,1,"[0.0, 0.33, 0.33, 0.0, 1.0]",1.0,380,"['A', 'B', 'E', 'F', 'C']",{},{}
6,D,2020-08-17 21:07:55,2020-08-17 21:07:55,2020-08-17 21:16:34,ABC-000001,ABC-000001,4,4,4,1,"[0.0, 0.0, 0.33, 0.0, 1.0]",1.0,519,"['A', 'B', 'E', 'F', 'C', 'D']",{},{}
6,H,2020-08-17 21:16:34,2020-08-17 21:16:34,2020-08-17 21:20:40,ABC-000001,ABC-000001,4,4,4,1,"[0.0, 0.0, 0.33, 0.0, 1.0]",1.0,246,"['A', 'B', 'E', 'F', 'C', 'D', 'H']",{},{}
6,G,2020-08-17 21:20:40,2020-08-17 21:20:40,2020-08-17 21:21:41,ABC-000001,ABC-000001,4,4,4,1,"[0.0, 0.0, 0.33, 0.0, 1.0]",1.0,61,"['A', 'B', 'E', 'F', 'C', 'D', 'H', 'G']",{},{}
6,I,2020-08-17 21:21:41,2020-08-17 21:21:41,2020-08-17 21:27:46,ABC-000001,ABC-000001,4,4,4,1,"[0.0, 0.0, 0.33, 0.0, 1.0]",1.0,365,"['A', 'B', 'E', 'F', 'C', 'D', 'H', 'G', 'I']",{},{}
6,J,2020-08-17 21:27:46,2020-08-17 21:27:46,2020-08-17 21:30:24,ABC-000001,ABC-000001,4,4,4,1,"[0.0, 0.0, 0.33, 0.0, 1.0]",1.0,158,"['A', 'B', 'E', 'F', 'C', 'D', 'H', 'G', 'I', 'J']",{},{}
2,AA,2020-08-17 20:19:08,2020-08-17 20:19:08,2020-08-17 21:31:39,JKL-000003,JKL-000003,3,3,4,1,"[0.0, 0.0, 0.33, 0.0, 1.0]",1.0,4351,"['A', 'B', 'E', 'F', 'C', 'D', 'H', 'G', 'I', 'J', 'K', 'N', 'Y', 'Z', 'AA']",{},{}
6,K,2020-08-17 21:30:24,2020-08-17 21:30:24,2020-08-17 21:33:13,ABC-000001,ABC-000001,4,4,4,1,"[0.0, 0.0, 0.33, 0.0, 1.0]",1.0,169,"['A', 'B', 'E', 'F', 'C', 'D', 'H', 'G', 'I', 'J', 'K']",{},{}
2,R,2020-08-17 21:31:39,2020-08-17 21:31:39,2020-08-17 21:36:38,DEF-000003,DEF-000003,4,4,4,1,"[0.0, 0.33, 0.0, 0.0, 1.0]",1.0,299,"['A', 'B', 'E', 'F', 'C', 'D', 'H', 'G', 'I', 'J', 'K', 'N', 'Y', 'Z', 'AA', 'R']",{},{}
5,H,2020-08-17 21:33:13,2020-08-17 21:33:13,2020-08-17 21:37:19,ABC-000001,ABC-000001,4,4,4,1,"[0.0, 0.33, 0.0, 0.0, 1.0]",1.0,246,"['A', 'B', 'E', 'F', 'C', 'D', 'H']",{},{}
6,M,2020-08-17 21:37:19,2020-08-17 21:37:19,2020-08-17 21:40:13,ABC-000001,ABC-000001,4,4,4,1,"[0.0, 0.33, 0.0, 0.0, 1.0]",1.0,174,"['A', 'B', 'E', 'F', 'C', 'D', 'H', 'G', 'I', 'J', 'K', 'M']",{},{}
2,S,2020-08-17 21:36:38,2020-08-17 21:36:38,2020-08-17 21:40:38,DEF-000003,DEF-000003,4,4,4,1,"[0.0, 0.33, 0.0, 0.0, 1.0]",1.0,240,"['A', 'B', 'E', 'F', 'C', 'D', 'H', 'G', 'I', 'J', 'K', 'N', 'Y', 'Z', 'AA', 'R', 'S']",{},{}
4,I,2020-08-17 21:40:13,2020-08-17 21:40:13,2020-08-17 21:41:26,ABC-000001,ABC-000001,4,4,4,1,"[0.0, 0.33, 0.0, 0.33, 1.0]",1.0,73,"['A', 'B', 'E', 'F', 'C', 'D', 'H', 'G', 'I', 'J', 'P', 'Q', 'R', 'S', 'T', 'I']",{},{}
4,J,2020-08-17 21:41:26,2020-08-17 21:41:26,2020-08-17 21:41:59,ABC-000001,ABC-000001,4,4,4,1,"[0.0, 0.33, 0.0, 0.33, 1.0]",1.0,33,"['A', 'B', 'E', 'F', 'C', 'D', 'H', 'G', 'I', 'J', 'P', 'Q', 'R', 'S', 'T', 'I', 'J']",{},{}
2,T,2020-08-17 21:40:38,2020-08-17 21:40:38,2020-08-17 21:42:37,DEF-000001,DEF-000001,4,4,4,1,"[0.0, 0.33, 0.0, 0.33, 1.0]",1.0,119,"['A', 'B', 'E', 'F', 'C', 'D', 'H', 'G', 'I', 'J', 'K', 'N', 'Y', 'Z', 'AA', 'R', 'S', 'T']",{},{}
5,G,2020-08-17 21:41:59,2020-08-17 21:41:59,2020-08-17 21:42:51,ABC-000001,ABC-000001,4,4,4,1,"[0.0, 0.33, 0.0, 0.33, 1.0]",1.0,52,"['A', 'B', 'E', 'F', 'C', 'D', 'H', 'G']",{},{}
5,I,2020-08-17 21:42:51,2020-08-17 21:42:51,2020-08-17 21:50:20,ABC-000001,ABC-000001,4,4,4,1,"[0.0, 0.0, 0.0, 0.33, 1.0]",1.0,449,"['A', 'B', 'E', 'F', 'C', 'D', 'H', 'G', 'I']",{},{}
4,P,2020-08-17 21:50:20,2020-08-17 21:50:20,2020-08-17 21:54:14,ABC-000001,ABC-000001,4,4,4,1,"[0.0, 0.0, 0.0, 0.33, 1.0]",1.0,234,"['A', 'B', 'E', 'F', 'C', 'D', 'H', 'G', 'I', 'J', 'P', 'Q', 'R', 'S', 'T', 'I', 'J', 'P']",{},{}
5,J,2020-08-17 21:54:14,2020-08-17 21:54:14,2020-08-17 21:57:35,ABC-000001,ABC-000001,4,4,4,1,"[0.0, 0.33, 0.0, 0.33, 1.0]",1.0,201,"['A', 'B', 'E', 'F', 'C', 'D', 'H', 'G', 'I', 'J']",{},{}
2,I,2020-08-17 21:57:35,2020-08-17 21:57:35,2020-08-17 21:59:55,ABC-000001,ABC-000001,4,4,4,1,"[0.0, 0.33, 0.0, 0.33, 1.0]",1.0,140,"['A', 'B', 'E', 'F', 'C', 'D', 'H', 'G', 'I', 'J', 'K', 'N', 'Y', 'Z', 'AA', 'R', 'S', 'T', 'I']",{},{}
2,J,2020-08-17 21:59:55,2020-08-17 21:59:55,2020-08-17 22:01:08,ABC-000001,ABC-000001,4,4,4,1,"[0.0, 0.33, 0.0, 0.33, 1.0]",1.0,73,"['A', 'B', 'E', 'F', 'C', 'D', 'H', 'G', 'I', 'J', 'K', 'N', 'Y', 'Z', 'AA', 'R', 'S', 'T', 'I', 'J']",{},{}
2,K,2020-08-17 22:01:08,2020-08-17 22:01:08,2020-08-17 22:07:06,ABC-000001,ABC-000001,4,4,4,1,"[0.0, 0.33, 0.0, 0.33, 1.0]",1.0,358,"['A', 'B', 'E', 'F', 'C', 'D', 'H', 'G', 'I', 'J', 'K', 'N', 'Y', 'Z', 'AA', 'R', 'S', 'T', 'I', 'J', 'K']",{},{}
4,Q,2020-08-17 21:54:14,2020-08-17 21:54:14,2020-08-17 22:09:27,DEF-000002,DEF-000002,4,4,4,1,"[0.0, 0.33, 0.0, 0.33, 1.0]",1.0,913,"['A', 'B', 'E', 'F', 'C', 'D', 'H', 'G', 'I', 'J', 'P', 'Q', 'R', 'S', 'T', 'I', 'J', 'P', 'Q']",{},{}
2,O,2020-08-17 22:07:06,2020-08-17 22:07:06,2020-08-17 22:15:49,ABC-000001,ABC-000001,4,4,4,1,"[0.0, 0.33, 0.0, 0.33, 1.0]",1.0,523,"['A', 'B', 'E', 'F', 'C', 'D', 'H', 'G', 'I', 'J', 'K', 'N', 'Y', 'Z', 'AA', 'R', 'S', 'T', 'I', 'J', 'K', 'O']",{},{}
4,R,2020-08-17 22:09:27,2020-08-17 22:09:27,2020-08-17 22:17:48,DEF-000001,DEF-000001,4,4,5,1,"[0.0, 0.33, 0.0, 0.33, 1.0]",1.0,501,"['A', 'B', 'E', 'F', 'C', 'D', 'H', 'G', 'I', 'J', 'P', 'Q', 'R', 'S', 'T', 'I', 'J', 'P', 'Q', 'R']",{},{}
7,A,2020-08-17 22:15:49,2020-08-17 22:15:49,2020-08-17 22:21:16,ABC-000001,ABC-000001,5,5,5,1,"[0.33, 0.33, 0.0, 0.33, 1.0]",1.0,327,['A'],{},{}
4,S,2020-08-17 22:17:48,2020-08-17 22:17:48,2020-08-17 22:21:37,DEF-000001,DEF-000001,5,5,5,1,"[0.33, 0.33, 0.0, 0.33, 1.0]",1.0,229,"['A', 'B', 'E', 'F', 'C', 'D', 'H', 'G', 'I', 'J', 'P', 'Q', 'R', 'S', 'T', 'I', 'J', 'P', 'Q', 'R', 'S']",{},{}
4,T,2020-08-17 22:21:37,2020-08-17 22:21:37,2020-08-17 22:23:22,DEF-000003,DEF-000003,5,5,5,1,"[0.33, 0.33, 0.0, 0.33, 1.0]",1.0,105,"['A', 'B', 'E', 'F', 'C', 'D', 'H', 'G', 'I', 'J', 'P', 'Q', 'R', 'S', 'T', 'I', 'J', 'P', 'Q', 'R', 'S', 'T']",{},{}
7,B,2020-08-17 22:21:16,2020-08-17 22:21:16,2020-08-17 22:25:28,ABC-000001,ABC-000001,5,5,4,1,"[0.33, 0.33, 0.0, 0.33, 1.0]",1.0,252,"['A', 'B']",{},{}
5,K,2020-08-17 22:25:28,2020-08-17 22:25:28,2020-08-17 22:29:05,ABC-000001,ABC-000001,4,4,4,1,"[0.33, 0.0, 0.0, 0.33, 1.0]",1.0,217,"['A', 'B', 'E', 'F', 'C', 'D', 'H', 'G', 'I', 'J', 'K']",{},{}
7,E,2020-08-17 23:06:03,2020-08-17 23:06:03,2020-08-17 23:09:37,ABC-000001,ABC-000001,4,4,4,1,"[0.33, 0.0, 0.0, 0.33, 1.0]",1.0,214,"['A', 'B', 'E']",{},{}
5,O,2020-08-17 23:09:37,2020-08-17 23:09:37,2020-08-17 23:12:56,ABC-000001,ABC-000001,4,4,4,1,"[0.33, 0.0, 0.0, 0.33, 1.0]",1.0,199,"['A', 'B', 'E', 'F', 'C', 'D', 'H', 'G', 'I', 'J', 'K', 'O']",{},{}
7,F,2020-08-17 23:12:56,2020-08-17 23:12:56,2020-08-17 23:16:54,ABC-000001,ABC-000001,4,4,4,1,"[0.67, 0.0, 0.0, 0.33, 1.0]",1.0,238,"['A', 'B', 'E', 'F']",{},{}
8,A,2020-08-17 23:16:54,2020-08-17 23:16:54,2020-08-17 23:22:36,ABC-000001,ABC-000001,5,5,5,1,"[0.67, 0.0, 0.0, 0.33, 1.0]",1.0,342,['A'],{},{}
2,BB,2020-08-17 22:15:49,2020-08-17 22:15:49,2020-08-17 23:25:15,MNO-000002,MNO-000002,5,5,5,1,"[0.33, 0.33, 0.0, 0.33, 1.0]",1.0,4166,"['A', 'B', 'E', 'F', 'C', 'D', 'H', 'G', 'I', 'J', 'K', 'N', 'Y', 'Z', 'AA', 'R', 'S', 'T', 'I', 'J', 'K', 'O', 'BB']",{},{}
8,B,2020-08-17 23:22:36,2020-08-17 23:22:36,2020-08-17 23:26:58,ABC-000001,ABC-000001,5,5,5,1,"[0.67, 0.0, 0.0, 0.33, 1.0]",1.0,262,"['A', 'B']",{},{}
8,E,2020-08-17 23:26:58,2020-08-17 23:26:58,2020-08-17 23:30:32,ABC-000001,ABC-000001,5,5,5,1,"[0.67, 0.0, 0.0, 0.33, 1.0]",1.0,214,"['A', 'B', 'E']",{},{}
2,CC,2020-08-17 23:25:15,2020-08-17 23:25:15,2020-08-17 23:31:49,MNO-000003,MNO-000003,5,5,5,1,"[0.67, 0.0, 0.0, 0.33, 1.0]",1.0,394,"['A', 'B', 'E', 'F', 'C', 'D', 'H', 'G', 'I', 'J', 'K', 'N', 'Y', 'Z', 'AA', 'R', 'S', 'T', 'I', 'J', 'K', 'O', 'BB', 'CC']",{},{}
8,F,2020-08-17 23:30:32,2020-08-17 23:30:32,2020-08-17 23:34:27,ABC-000001,ABC-000001,5,5,5,1,"[0.67, 0.0, 0.0, 0.33, 1.0]",1.0,235,"['A', 'B', 'E', 'F']",{},{}
6,U,2020-08-17 21:40:13,2020-08-17 21:40:13,2020-08-17 23:35:22,GHI-000001,GHI-000001,4,4,5,1,"[0.0, 0.33, 0.0, 0.33, 1.0]",1.0,6909,"['A', 'B', 'E', 'F', 'C', 'D', 'H', 'G', 'I', 'J', 'K', 'M', 'U']",{},{}
6,V,2020-08-17 23:35:22,2020-08-17 23:35:22,2020-08-17 23:40:34,GHI-000001,GHI-000001,5,5,5,1,"[0.67, 0.0, 0.0, 0.33, 1.0]",1.0,312,"['A', 'B', 'E', 'F', 'C', 'D', 'H', 'G', 'I', 'J', 'K', 'M', 'U', 'V']",{},{}
8,C,2020-08-17 23:34:27,2020-08-17 23:34:27,2020-08-17 23:41:48,ABC-000001,ABC-000001,5,5,5,1,"[0.67, 0.0, 0.0, 0.33, 1.0]",1.0,441,"['A', 'B', 'E', 'F', 'C']",{},{}
8,D,2020-08-17 23:41:48,2020-08-17 23:41:48,2020-08-17 23:52:44,ABC-000001,ABC-000001,5,5,5,1,"[0.67, 0.0, 0.0, 0.33, 1.0]",1.0,656,"['A', 'B', 'E', 'F', 'C', 'D']",{},{}
7,C,2020-08-17 23:52:44,2020-08-17 23:52:44,2020-08-17 23:59:50,ABC-000001,ABC-000001,5,5,5,1,"[0.67, 0.0, 0.0, 0.33, 1.0]",1.0,426,"['A', 'B', 'E', 'F', 'C']",{},{}
7,D,2020-08-17 23:59:50,2020-08-17 23:59:50,2020-08-18 00:09:36,ABC-000001,ABC-000001,5,5,5,1,"[0.67, 0.0, 0.0, 0.33, 1.0]",1.0,586,"['A', 'B', 'E', 'F', 'C', 'D']",{},{}
7,H,2020-08-18 00:09:36,2020-08-18 00:09:36,2020-08-18 00:14:18,ABC-000001,ABC-000001,5,5,5,1,"[0.67, 0.0, 0.0, 0.33, 1.0]",1.0,282,"['A', 'B', 'E', 'F', 'C', 'D', 'H']",{},{}
7,G,2020-08-18 00:14:18,2020-08-18 00:14:18,2020-08-18 00:15:36,ABC-000001,ABC-000001,5,5,5,1,"[0.67, 0.0, 0.0, 0.33, 1.0]",1.0,78,"['A', 'B', 'E', 'F', 'C', 'D', 'H', 'G']",{},{}
8,H,2020-08-18 00:15:36,2020-08-18 00:15:36,2020-08-18 00:20:41,ABC-000001,ABC-000001,5,5,5,1,"[0.67, 0.0, 0.0, 0.33, 1.0]",1.0,305,"['A', 'B', 'E', 'F', 'C', 'D', 'H']",{},{}
8,G,2020-08-18 00:20:41,2020-08-18 00:20:41,2020-08-18 00:22:09,ABC-000001,ABC-000001,5,5,5,1,"[0.67, 0.0, 0.0, 0.33, 1.0]",1.0,88,"['A', 'B', 'E', 'F', 'C', 'D', 'H', 'G']",{},{}
2,DD,2020-08-17 23:31:49,2020-08-17 23:31:49,2020-08-18 00:30:48,MNO-000003,MNO-000003,5,5,5,1,"[0.67, 0.0, 0.0, 0.33, 1.0]",1.0,3539,"['A', 'B', 'E', 'F', 'C', 'D', 'H', 'G', 'I', 'J', 'K', 'N', 'Y', 'Z', 'AA', 'R', 'S', 'T', 'I', 'J', 'K', 'O', 'BB', 'CC', 'DD']",{},{}
8,I,2020-08-18 00:22:09,2020-08-18 00:22:09,2020-08-18 00:34:36,ABC-000001,ABC-000001,5,5,5,1,"[0.67, 0.0, 0.0, 0.33, 1.0]",1.0,747,"['A', 'B', 'E', 'F', 'C', 'D', 'H', 'G', 'I']",{},{}
2,R,2020-08-18 00:30:48,2020-08-18 00:30:48,2020-08-18 00:35:52,DEF-000001,DEF-000001,5,5,5,1,"[0.33, 0.33, 0.0, 0.33, 1.0]",1.0,304,"['A', 'B', 'E', 'F', 'C', 'D', 'H', 'G', 'I', 'J', 'K', 'N', 'Y', 'Z', 'AA', 'R', 'S', 'T', 'I', 'J', 'K', 'O', 'BB', 'CC', 'DD', 'R']",{},{}
2,S,2020-08-18 00:35:52,2020-08-18 00:35:52,2020-08-18 00:39:58,DEF-000001,DEF-000001,5,5,5,1,"[0.33, 0.33, 0.0, 0.33, 1.0]",1.0,246,"['A', 'B', 'E', 'F', 'C', 'D', 'H', 'G', 'I', 'J', 'K', 'N', 'Y', 'Z', 'AA', 'R', 'S', 'T', 'I', 'J', 'K', 'O', 'BB', 'CC', 'DD', 'R', 'S']",{},{}
2,T,2020-08-18 00:39:58,2020-08-18 00:39:58,2020-08-18 00:41:22,DEF-000002,DEF-000002,5,5,5,1,"[0.33, 0.33, 0.0, 0.33, 1.0]",1.0,84,"['A', 'B', 'E', 'F', 'C', 'D', 'H', 'G', 'I', 'J', 'K', 'N', 'Y', 'Z', 'AA', 'R', 'S', 'T', 'I', 'J', 'K', 'O', 'BB', 'CC', 'DD', 'R', 'S', 'T']",{},{}
7,I,2020-08-18 00:34:36,2020-08-18 00:34:36,2020-08-18 00:46:04,ABC-000001,ABC-000001,5,5,4,1,"[0.33, 0.33, 0.0, 0.33, 1.0]",1.0,688,"['A', 'B', 'E', 'F', 'C', 'D', 'H', 'G', 'I']",{},{}
7,J,2020-08-18 00:46:04,2020-08-18 00:46:04,2020-08-18 00:51:18,ABC-000001,ABC-000001,4,4,4,1,"[0.33, 0.0, 0.0, 0.33, 1.0]",1.0,314,"['A', 'B', 'E', 'F', 'C', 'D', 'H', 'G', 'I', 'J']",{},{}
8,J,2020-08-18 00:51:18,2020-08-18 00:51:18,2020-08-18 00:56:21,ABC-000001,ABC-000001,4,4,4,1,"[0.33, 0.0, 0.0, 0.33, 1.0]",1.0,303,"['A', 'B', 'E', 'F', 'C', 'D', 'H', 'G', 'I', 'J']",{},{}
6,X,2020-08-17 23:40:34,2020-08-17 23:40:34,2020-08-18 01:01:04,GHI-000003,GHI-000003,5,5,4,1,"[0.67, 0.0, 0.0, 0.33, 1.0]",1.0,4830,"['A', 'B', 'E', 'F', 'C', 'D', 'H', 'G', 'I', 'J', 'K', 'M', 'U', 'V', 'X']",{},{}
7,P,2020-08-18 00:56:21,2020-08-18 00:56:21,2020-08-18 01:01:52,ABC-000001,ABC-000001,4,4,4,1,"[0.33, 0.0, 0.0, 0.33, 1.0]",1.0,331,"['A', 'B', 'E', 'F', 'C', 'D', 'H', 'G', 'I', 'J', 'P']",{},{}
5,BB,2020-08-17 23:12:56,2020-08-17 23:12:56,2020-08-18 01:05:51,MNO-000001,MNO-000001,4,4,4,2,"[0.67, 0.0, 0.0, 0.33, 1.0]",1.0,6775,"['A', 'B', 'E', 'F', 'C', 'D', 'H', 'G', 'I', 'J', 'K', 'O', 'BB']",{},{}
6,R,2020-08-18 01:01:04,2020-08-18 01:01:04,2020-08-18 01:06:24,DEF-000003,DEF-000003,4,4,4,1,"[0.33, 0.33, 0.0, 0.0, 1.0]",1.0,320,"['A', 'B', 'E', 'F', 'C', 'D', 'H', 'G', 'I', 'J', 'K', 'M', 'U', 'V', 'X', 'R']",{},{}
8,K,2020-08-18 01:01:52,2020-08-18 01:01:52,2020-08-18 01:08:02,ABC-000001,ABC-000001,4,4,4,1,"[0.33, 0.67, 0.0, 0.0, 1.0]",1.0,370,"['A', 'B', 'E', 'F', 'C', 'D', 'H', 'G', 'I', 'J', 'K']",{},{}
6,S,2020-08-18 01:06:24,2020-08-18 01:06:24,2020-08-18 01:10:19,DEF-000003,DEF-000003,4,4,4,1,"[0.33, 0.67, 0.0, 0.0, 1.0]",1.0,235,"['A', 'B', 'E', 'F', 'C', 'D', 'H', 'G', 'I', 'J', 'K', 'M', 'U', 'V', 'X', 'R', 'S']",{},{}
5,CC,2020-08-18 01:05:51,2020-08-18 01:05:51,2020-08-18 01:10:30,MNO-000001,MNO-000001,4,4,4,1,"[0.33, 0.67, 0.0, 0.0, 1.0]",1.0,279,"['A', 'B', 'E', 'F', 'C', 'D', 'H', 'G', 'I', 'J', 'K', 'O', 'BB', 'CC']",{},{}
6,T,2020-08-18 01:10:19,2020-08-18 01:10:19,2020-08-18 01:12:09,DEF-000002,DEF-000002,4,4,4,1,"[0.33, 0.67, 0.0, 0.0, 1.0]",1.0,110,"['A', 'B', 'E', 'F', 'C', 'D', 'H', 'G', 'I', 'J', 'K', 'M', 'U', 'V', 'X', 'R', 'S', 'T']",{},{}
8,M,2020-08-18 01:08:02,2020-08-18 01:08:02,2020-08-18 01:13:51,ABC-000001,ABC-000001,4,4,4,1,"[0.33, 0.67, 0.0, 0.0, 1.0]",1.0,349,"['A', 'B', 'E', 'F', 'C', 'D', 'H', 'G', 'I', 'J', 'K', 'M']",{},{}
6,I,2020-08-18 01:13:51,2020-08-18 01:13:51,2020-08-18 01:16:26,ABC-000001,ABC-000001,4,4,4,1,"[0.33, 0.33, 0.0, 0.33, 1.0]",1.0,155,"['A', 'B', 'E', 'F', 'C', 'D', 'H', 'G', 'I', 'J', 'K', 'M', 'U', 'V', 'X', 'R', 'S', 'T', 'I']",{},{}
6,J,2020-08-18 01:16:26,2020-08-18 01:16:26,2020-08-18 01:17:51,ABC-000001,ABC-000001,4,4,4,1,"[0.33, 0.33, 0.0, 0.33, 1.0]",1.0,85,"['A', 'B', 'E', 'F', 'C', 'D', 'H', 'G', 'I', 'J', 'K', 'M', 'U', 'V', 'X', 'R', 'S', 'T', 'I', 'J']",{},{}
6,K,2020-08-18 01:17:51,2020-08-18 01:17:51,2020-08-18 01:22:26,ABC-000001,ABC-000001,4,4,4,1,"[0.33, 0.33, 0.0, 0.33, 1.0]",1.0,275,"['A', 'B', 'E', 'F', 'C', 'D', 'H', 'G', 'I', 'J', 'K', 'M', 'U', 'V', 'X', 'R', 'S', 'T', 'I', 'J', 'K']",{},{}
7,Q,2020-08-18 01:01:52,2020-08-18 01:01:52,2020-08-18 01:25:28,DEF-000001,DEF-000001,4,4,4,1,"[0.33, 0.67, 0.0, 0.0, 1.0]",1.0,1416,"['A', 'B', 'E', 'F', 'C', 'D', 'H', 'G', 'I', 'J', 'P', 'Q']",{},{}
6,N,2020-08-18 01:22:26,2020-08-18 01:22:26,2020-08-18 01:28:23,ABC-000001,ABC-000001,4,4,4,1,"[0.33, 0.33, 0.0, 0.33, 1.0]",1.0,357,"['A', 'B', 'E', 'F', 'C', 'D', 'H', 'G', 'I', 'J', 'K', 'M', 'U', 'V', 'X', 'R', 'S', 'T', 'I', 'J', 'K', 'N']",{},{}
7,R,2020-08-18 01:25:28,2020-08-18 01:25:28,2020-08-18 01:32:32,DEF-000003,DEF-000003,4,4,4,1,"[0.33, 0.33, 0.0, 0.33, 1.0]",1.0,424,"['A', 'B', 'E', 'F', 'C', 'D', 'H', 'G', 'I', 'J', 'P', 'Q', 'R']",{},{}
7,S,2020-08-18 01:32:32,2020-08-18 01:32:32,2020-08-18 01:38:16,DEF-000002,DEF-000002,4,4,4,1,"[0.33, 0.33, 0.33, 0.33, 0.0]",1.0,344,"['A', 'B', 'E', 'F', 'C', 'D', 'H', 'G', 'I', 'J', 'P', 'Q', 'R', 'S']",{},{}
7,T,2020-08-18 01:38:16,2020-08-18 01:38:16,2020-08-18 01:41:29,DEF-000001,DEF-000001,4,4,4,1,"[0.33, 0.33, 0.33, 0.33, 0.0]",1.0,193,"['A', 'B', 'E', 'F', 'C', 'D', 'H', 'G', 'I', 'J', 'P', 'Q', 'R', 'S', 'T']",{},{}
7,I,2020-08-18 01:41:29,2020-08-18 01:41:29,2020-08-18 01:44:04,ABC-000001,ABC-000001,4,4,4,1,"[0.33, 0.0, 0.33, 0.33, 1.0]",1.0,155,"['A', 'B', 'E', 'F', 'C', 'D', 'H', 'G', 'I', 'J', 'P', 'Q', 'R', 'S', 'T', 'I']",{},{}
7,J,2020-08-18 01:44:04,2020-08-18 01:44:04,2020-08-18 01:45:26,ABC-000001,ABC-000001,4,4,4,1,"[0.33, 0.0, 0.33, 0.33, 1.0]",1.0,82,"['A', 'B', 'E', 'F', 'C', 'D', 'H', 'G', 'I', 'J', 'P', 'Q', 'R', 'S', 'T', 'I', 'J']",{},{}
7,P,2020-08-18 01:45:26,2020-08-18 01:45:26,2020-08-18 01:49:45,ABC-000001,ABC-000001,4,4,4,1,"[0.33, 0.0, 0.33, 0.33, 1.0]",1.0,259,"['A', 'B', 'E', 'F', 'C', 'D', 'H', 'G', 'I', 'J', 'P', 'Q', 'R', 'S', 'T', 'I', 'J', 'P']",{},{}
9,A,2020-08-18 01:49:45,2020-08-18 01:49:45,2020-08-18 01:55:22,ABC-000001,ABC-000001,5,5,5,1,"[0.33, 0.33, 0.33, 0.33, 1.0]",1.0,337,['A'],{},{}
9,B,2020-08-18 01:55:22,2020-08-18 01:55:22,2020-08-18 01:59:40,ABC-000001,ABC-000001,5,5,5,1,"[0.33, 0.33, 0.33, 0.33, 1.0]",1.0,258,"['A', 'B']",{},{}
7,Q,2020-08-18 01:49:45,2020-08-18 01:49:45,2020-08-18 02:02:28,DEF-000003,DEF-000003,4,5,5,1,"[0.33, 0.33, 0.33, 0.33, 1.0]",1.0,763,"['A', 'B', 'E', 'F', 'C', 'D', 'H', 'G', 'I', 'J', 'P', 'Q', 'R', 'S', 'T', 'I', 'J', 'P', 'Q']",{},{}
9,E,2020-08-18 01:59:40,2020-08-18 01:59:40,2020-08-18 02:03:18,ABC-000001,ABC-000001,5,5,5,1,"[0.33, 0.33, 0.33, 0.33, 1.0]",1.0,218,"['A', 'B', 'E']",{},{}
9,F,2020-08-18 02:03:18,2020-08-18 02:03:18,2020-08-18 02:07:20,ABC-000001,ABC-000001,5,5,5,1,"[0.33, 0.33, 0.33, 0.33, 1.0]",1.0,242,"['A', 'B', 'E', 'F']",{},{}
9,C,2020-08-18 02:07:20,2020-08-18 02:07:20,2020-08-18 02:14:26,ABC-000001,ABC-000001,5,5,5,1,"[0.33, 0.33, 0.33, 0.33, 1.0]",1.0,426,"['A', 'B', 'E', 'F', 'C']",{},{}
7,R,2020-08-18 02:02:28,2020-08-18 02:02:28,2020-08-18 02:16:01,DEF-000003,DEF-000003,5,5,5,1,"[0.33, 0.33, 0.33, 0.33, 1.0]",1.0,813,"['A', 'B', 'E', 'F', 'C', 'D', 'H', 'G', 'I', 'J', 'P', 'Q', 'R', 'S', 'T', 'I', 'J', 'P', 'Q', 'R']",{},{}
6,Y,2020-08-18 01:28:23,2020-08-18 01:28:23,2020-08-18 02:23:03,JKL-000002,JKL-000002,4,4,5,1,"[0.33, 0.33, 0.33, 0.33, 0.0]",1.0,3280,"['A', 'B', 'E', 'F', 'C', 'D', 'H', 'G', 'I', 'J', 'K', 'M', 'U', 'V', 'X', 'R', 'S', 'T', 'I', 'J', 'K', 'N', 'Y']",{},{}
5,DD,2020-08-18 01:10:30,2020-08-18 01:10:30,2020-08-18 02:23:43,MNO-000002,MNO-000002,4,4,5,1,"[0.33, 0.67, 0.0, 0.0, 1.0]",1.0,4393,"['A', 'B', 'E', 'F', 'C', 'D', 'H', 'G', 'I', 'J', 'K', 'O', 'BB', 'CC', 'DD']",{},{}
9,D,2020-08-18 02:14:26,2020-08-18 02:14:26,2020-08-18 02:23:50,ABC-000001,ABC-000001,5,5,5,1,"[0.33, 0.33, 0.33, 0.33, 1.0]",1.0,564,"['A', 'B', 'E', 'F', 'C', 'D']",{},{}
7,S,2020-08-18 02:16:01,2020-08-18 02:16:01,2020-08-18 02:23:54,DEF-000002,DEF-000002,5,5,5,1,"[0.33, 0.33, 0.33, 0.33, 1.0]",1.0,473,"['A', 'B', 'E', 'F', 'C', 'D', 'H', 'G', 'I', 'J', 'P', 'Q', 'R', 'S', 'T', 'I', 'J', 'P', 'Q', 'R', 'S']",{},{}
7,T,2020-08-18 02:23:54,2020-08-18 02:23:54,2020-08-18 02:24:31,DEF-000001,DEF-000001,5,5,5,1,"[0.0, 0.67, 0.33, 0.33, 1.0]",1.0,37,"['A', 'B', 'E', 'F', 'C', 'D', 'H', 'G', 'I', 'J', 'P', 'Q', 'R', 'S', 'T', 'I', 'J', 'P', 'Q', 'R', 'S', 'T']",{},{}
9,H,2020-08-18 02:23:50,2020-08-18 02:23:50,2020-08-18 02:28:16,ABC-000001,ABC-000001,5,5,5,1,"[0.0, 0.67, 0.33, 0.33, 1.0]",1.0,266,"['A', 'B', 'E', 'F', 'C', 'D', 'H']",{},{}
5,R,2020-08-18 02:23:43,2020-08-18 02:23:43,2020-08-18 02:28:47,DEF-000003,DEF-000003,5,5,5,1,"[0.0, 0.67, 0.33, 0.33, 1.0]",1.0,304,"['A', 'B', 'E', 'F', 'C', 'D', 'H', 'G', 'I', 'J', 'K', 'O', 'BB', 'CC', 'DD', 'R']",{},{}
9,G,2020-08-18 02:28:16,2020-08-18 02:28:16,2020-08-18 02:29:25,ABC-000001,ABC-000001,5,5,5,1,"[0.0, 0.33, 0.33, 0.33, 1.0]",1.0,69,"['A', 'B', 'E', 'F', 'C', 'D', 'H', 'G']",{},{}
6,Z,2020-08-18 02:23:03,2020-08-18 02:23:03,2020-08-18 02:31:31,JKL-000002,JKL-000002,5,5,5,1,"[0.33, 0.33, 0.33, 0.33, 1.0]",1.0,508,"['A', 'B', 'E', 'F', 'C', 'D', 'H', 'G', 'I', 'J', 'K', 'M', 'U', 'V', 'X', 'R', 'S', 'T', 'I', 'J', 'K', 'N', 'Y', 'Z']",{},{}
5,S,2020-08-18 02:28:47,2020-08-18 02:28:47,2020-08-18 02:33:17,DEF-000003,DEF-000003,5,5,5,1,"[0.0, 0.33, 0.33, 0.33, 1.0]",1.0,270,"['A', 'B', 'E', 'F', 'C', 'D', 'H', 'G', 'I', 'J', 'K', 'O', 'BB', 'CC', 'DD', 'R', 'S']",{},{}
5,T,2020-08-18 02:33:17,2020-08-18 02:33:17,2020-08-18 02:35:16,DEF-000003,DEF-000003,5,5,5,1,"[0.0, 0.33, 0.33, 0.33, 1.0]",1.0,119,"['A', 'B', 'E', 'F', 'C', 'D', 'H', 'G', 'I', 'J', 'K', 'O', 'BB', 'CC', 'DD', 'R', 'S', 'T']",{},{}
9,I,2020-08-18 02:33:17,2020-08-18 02:33:17,2020-08-18 02:41:59,ABC-000001,ABC-000001,5,5,4,1,"[0.0, 0.33, 0.33, 0.33, 1.0]",1.0,522,"['A', 'B', 'E', 'F', 'C', 'D', 'H', 'G', 'I']",{},{}
7,I,2020-08-18 02:41:59,2020-08-18 02:41:59,2020-08-18 02:43:26,ABC-000001,ABC-000001,4,4,4,1,"[0.0, 0.0, 0.33, 0.33, 1.0]",1.0,87,"['A', 'B', 'E', 'F', 'C', 'D', 'H', 'G', 'I', 'J', 'P', 'Q', 'R', 'S', 'T', 'I', 'J', 'P', 'Q', 'R', 'S', 'T', 'I']",{},{}
7,J,2020-08-18 02:43:26,2020-08-18 02:43:26,2020-08-18 02:44:22,ABC-000001,ABC-000001,4,4,4,1,"[0.0, 0.0, 0.33, 0.33, 1.0]",1.0,56,"['A', 'B', 'E', 'F', 'C', 'D', 'H', 'G', 'I', 'J', 'P', 'Q', 'R', 'S', 'T', 'I', 'J', 'P', 'Q', 'R', 'S', 'T', 'I', 'J']",{},{}
9,J,2020-08-18 02:44:22,2020-08-18 02:44:22,2020-08-18 02:48:18,ABC-000001,ABC-000001,4,4,4,1,"[0.0, 0.0, 0.33, 0.33, 1.0]",1.0,236,"['A', 'B', 'E', 'F', 'C', 'D', 'H', 'G', 'I', 'J']",{},{}
9,K,2020-08-18 02:48:18,2020-08-18 02:48:18,2020-08-18 02:52:16,ABC-000001,ABC-000001,4,4,4,1,"[0.0, 0.0, 0.33, 0.33, 1.0]",1.0,238,"['A', 'B', 'E', 'F', 'C', 'D', 'H', 'G', 'I', 'J', 'K']",{},{}
8,U,2020-08-18 01:13:51,2020-08-18 01:13:51,2020-08-18 02:55:08,GHI-000002,GHI-000002,4,4,4,1,"[0.33, 0.33, 0.0, 0.33, 1.0]",1.0,6077,"['A', 'B', 'E', 'F', 'C', 'D', 'H', 'G', 'I', 'J', 'K', 'M', 'U']",{},{}
7,K,2020-08-18 02:52:16,2020-08-18 02:52:16,2020-08-18 02:57:49,ABC-000001,ABC-000001,4,4,4,1,"[0.0, 0.0, 0.33, 0.33, 1.0]",1.0,333,"['A', 'B', 'E', 'F', 'C', 'D', 'H', 'G', 'I', 'J', 'P', 'Q', 'R', 'S', 'T', 'I', 'J', 'P', 'Q', 'R', 'S', 'T', 'I', 'J', 'K']",{},{}
8,V,2020-08-18 02:55:08,2020-08-18 02:55:08,2020-08-18 03:00:38,GHI-000001,GHI-000001,4,4,4,1,"[0.0, 0.0, 0.33, 0.33, 1.0]",1.0,330,"['A', 'B', 'E', 'F', 'C', 'D', 'H', 'G', 'I', 'J', 'K', 'M', 'U', 'V']",{},{}
7,M,2020-08-18 02:57:49,2020-08-18 02:57:49,2020-08-18 03:07:26,ABC-000001,ABC-000001,4,4,4,1,"[0.0, 0.0, 0.33, 0.33, 1.0]",1.0,577,"['A', 'B', 'E', 'F', 'C', 'D', 'H', 'G', 'I', 'J', 'P', 'Q', 'R', 'S', 'T', 'I', 'J', 'P', 'Q', 'R', 'S', 'T', 'I', 'J', 'K', 'M']",{},{}
9,L,2020-08-18 03:07:26,2020-08-18 03:07:26,2020-08-18 03:11:14,ABC-000001,ABC-000001,4,4,4,1,"[0.0, 0.0, 0.33, 0.67, 1.0]",1.0,228,"['A', 'B', 'E', 'F', 'C', 'D', 'H', 'G', 'I', 'J', 'K', 'L']",{},{}
10,A,2020-08-18 03:29:04,2020-08-18 03:29:04,2020-08-18 03:34:51,ABC-000001,ABC-000001,4,4,4,1,"[0.0, 0.0, 0.33, 0.67, 1.0]",1.0,347,['A'],{},{}
6,AA,2020-08-18 02:31:31,2020-08-18 02:31:31,2020-08-18 03:36:56,JKL-000002,JKL-000002,5,5,4,1,"[0.0, 0.33, 0.33, 0.33, 0.0]",1.0,3925,"['A', 'B', 'E', 'F', 'C', 'D', 'H', 'G', 'I', 'J', 'K', 'M', 'U', 'V', 'X', 'R', 'S', 'T', 'I', 'J', 'K', 'N', 'Y', 'Z', 'AA']",{},{}
10,B,2020-08-18 03:34:51,2020-08-18 03:34:51,2020-08-18 03:39:10,ABC-000001,ABC-000001,4,4,4,1,"[0.0, 0.0, 0.33, 0.67, 1.0]",1.0,259,"['A', 'B']",{},{}
10,E,2020-08-18 03:39:10,2020-08-18 03:39:10,2020-08-18 03:42:47,ABC-000001,ABC-000001,4,4,4,1,"[0.0, 0.33, 0.0, 0.67, 1.0]",1.0,217,"['A', 'B', 'E']",{},{}
6,R,2020-08-18 03:36:56,2020-08-18 03:36:56,2020-08-18 03:43:15,DEF-000003,DEF-000003,4,4,4,1,"[0.0, 0.33, 0.0, 0.67, 1.0]",1.0,379,"['A', 'B', 'E', 'F', 'C', 'D', 'H', 'G', 'I', 'J', 'K', 'M', 'U', 'V', 'X', 'R', 'S', 'T', 'I', 'J', 'K', 'N', 'Y', 'Z', 'AA', 'R']",{},{}
10,F,2020-08-18 03:42:47,2020-08-18 03:42:47,2020-08-18 03:47:02,ABC-000001,ABC-000001,4,4,4,1,"[0.0, 0.33, 0.0, 0.67, 1.0]",1.0,255,"['A', 'B', 'E', 'F']",{},{}
6,S,2020-08-18 03:43:15,2020-08-18 03:43:15,2020-08-18 03:47:31,DEF-000001,DEF-000001,4,4,4,1,"[0.0, 0.33, 0.0, 0.67, 1.0]",1.0,256,"['A', 'B', 'E', 'F', 'C', 'D', 'H', 'G', 'I', 'J', 'K', 'M', 'U', 'V', 'X', 'R', 'S', 'T', 'I', 'J', 'K', 'N', 'Y', 'Z', 'AA', 'R', 'S']",{},{}
6,T,2020-08-18 03:47:31,2020-08-18 03:47:31,2020-08-18 03:48:16,DEF-000003,DEF-000003,4,4,4,1,"[0.0, 0.33, 0.0, 0.67, 1.0]",1.0,45,"['A', 'B', 'E', 'F', 'C', 'D', 'H', 'G', 'I', 'J', 'K', 'M', 'U', 'V', 'X', 'R', 'S', 'T', 'I', 'J', 'K', 'N', 'Y', 'Z', 'AA', 'R', 'S', 'T']",{},{}
10,C,2020-08-18 03:47:02,2020-08-18 03:47:02,2020-08-18 03:55:20,ABC-000001,ABC-000001,4,4,3,1,"[0.0, 0.33, 0.0, 0.67, 1.0]",1.0,498,"['A', 'B', 'E', 'F', 'C']",{},{}
10,D,2020-08-18 03:55:20,2020-08-18 03:55:20,2020-08-18 04:06:40,ABC-000001,ABC-000001,3,3,3,1,"[0.0, 0.0, 0.0, 0.67, 1.0]",1.0,680,"['A', 'B', 'E', 'F', 'C', 'D']",{},{}
10,H,2020-08-18 04:06:40,2020-08-18 04:06:40,2020-08-18 04:11:53,ABC-000001,ABC-000001,3,3,3,1,"[0.0, 0.0, 0.0, 0.67, 1.0]",1.0,313,"['A', 'B', 'E', 'F', 'C', 'D', 'H']",{},{}
10,G,2020-08-18 04:11:53,2020-08-18 04:11:53,2020-08-18 04:12:49,ABC-000001,ABC-000001,3,3,3,1,"[0.0, 0.0, 0.0, 0.67, 1.0]",1.0,56,"['A', 'B', 'E', 'F', 'C', 'D', 'H', 'G']",{},{}
8,X,2020-08-18 03:00:38,2020-08-18 03:00:38,2020-08-18 04:19:39,GHI-000003,GHI-000003,4,4,3,1,"[0.0, 0.0, 0.33, 0.33, 1.0]",1.0,4741,"['A', 'B', 'E', 'F', 'C', 'D', 'H', 'G', 'I', 'J', 'K', 'M', 'U', 'V', 'X']",{},{}
10,I,2020-08-18 04:12:49,2020-08-18 04:12:49,2020-08-18 04:23:59,ABC-000001,ABC-000001,3,3,3,1,"[0.0, 0.0, 0.0, 0.67, 1.0]",1.0,670,"['A', 'B', 'E', 'F', 'C', 'D', 'H', 'G', 'I']",{},{}
8,R,2020-08-18 04:19:39,2020-08-18 04:19:39,2020-08-18 04:25:25,DEF-000001,DEF-000001,3,3,3,1,"[0.0, 0.33, 0.0, 0.33, 1.0]",1.0,346,"['A', 'B', 'E', 'F', 'C', 'D', 'H', 'G', 'I', 'J', 'K', 'M', 'U', 'V', 'X', 'R']",{},{}
10,J,2020-08-18 04:23:59,2020-08-18 04:23:59,2020-08-18 04:27:26,ABC-000001,ABC-000001,3,3,3,1,"[0.0, 0.33, 0.0, 0.33, 1.0]",1.0,207,"['A', 'B', 'E', 'F', 'C', 'D', 'H', 'G', 'I', 'J']",{},{}
8,S,2020-08-18 04:25:25,2020-08-18 04:25:25,2020-08-18 04:29:13,DEF-000001,DEF-000001,3,3,3,1,"[0.0, 0.33, 0.0, 0.33, 1.0]",1.0,228,"['A', 'B', 'E', 'F', 'C', 'D', 'H', 'G', 'I', 'J', 'K', 'M', 'U', 'V', 'X', 'R', 'S']",{},{}
8,T,2020-08-18 04:29:13,2020-08-18 04:29:13,2020-08-18 04:29:55,DEF-000003,DEF-000003,3,3,3,1,"[0.0, 0.33, 0.0, 0.33, 1.0]",1.0,42,"['A', 'B', 'E', 'F', 'C', 'D', 'H', 'G', 'I', 'J', 'K', 'M', 'U', 'V', 'X', 'R', 'S', 'T']",{},{}
10,P,2020-08-18 04:27:26,2020-08-18 04:27:26,2020-08-18 04:30:53,ABC-000001,ABC-000001,3,3,2,1,"[0.0, 0.33, 0.0, 0.33, 1.0]",1.0,207,"['A', 'B', 'E', 'F', 'C', 'D', 'H', 'G', 'I', 'J', 'P']",{},{}
7,U,2020-08-18 03:07:26,2020-08-18 03:07:26,2020-08-18 04:31:33,GHI-000002,GHI-000002,4,4,2,1,"[0.0, 0.0, 0.33, 0.67, 1.0]",1.0,5047,"['A', 'B', 'E', 'F', 'C', 'D', 'H', 'G', 'I', 'J', 'P', 'Q', 'R', 'S', 'T', 'I', 'J', 'P', 'Q', 'R', 'S', 'T', 'I', 'J', 'K', 'M', 'U']",{},{}
7,V,2020-08-18 04:31:33,2020-08-18 04:31:33,2020-08-18 04:36:39,GHI-000002,GHI-000002,2,2,2,1,"[0.0, 0.33, 0.0, 0.33, 0.0]",1.0,306,"['A', 'B', 'E', 'F', 'C', 'D', 'H', 'G', 'I', 'J', 'P', 'Q', 'R', 'S', 'T', 'I', 'J', 'P', 'Q', 'R', 'S', 'T', 'I', 'J', 'K', 'M', 'U', 'V']",{},{}
11,A,2020-08-18 04:36:39,2020-08-18 04:36:39,2020-08-18 04:42:14,ABC-000001,ABC-000001,3,3,3,1,"[0.0, 0.33, 0.0, 0.33, 1.0]",1.0,335,['A'],{},{}
11,B,2020-08-18 04:42:14,2020-08-18 04:42:14,2020-08-18 04:46:30,ABC-000001,ABC-000001,3,3,3,1,"[0.0, 0.33, 0.0, 0.33, 1.0]",1.0,256,"['A', 'B']",{},{}
10,Q,2020-08-18 04:30:53,2020-08-18 04:30:53,2020-08-18 04:48:41,DEF-000002,DEF-000002,2,2,3,1,"[0.0, 0.33, 0.0, 0.33, 0.0]",1.0,1068,"['A', 'B', 'E', 'F', 'C', 'D', 'H', 'G', 'I', 'J', 'P', 'Q']",{},{}
11,E,2020-08-18 04:46:30,2020-08-18 04:46:30,2020-08-18 04:50:09,ABC-000001,ABC-000001,3,3,3,1,"[0.0, 0.33, 0.0, 0.33, 1.0]",1.0,219,"['A', 'B', 'E']",{},{}
10,R,2020-08-18 04:48:41,2020-08-18 04:48:41,2020-08-18 04:53:58,DEF-000001,DEF-000001,3,3,3,1,"[0.0, 0.33, 0.0, 0.33, 1.0]",1.0,317,"['A', 'B', 'E', 'F', 'C', 'D', 'H', 'G', 'I', 'J', 'P', 'Q', 'R']",{},{}
11,F,2020-08-18 04:50:09,2020-08-18 04:50:09,2020-08-18 04:54:21,ABC-000001,ABC-000001,3,3,3,1,"[0.0, 0.33, 0.0, 0.33, 1.0]",1.0,252,"['A', 'B', 'E', 'F']",{},{}
10,S,2020-08-18 04:53:58,2020-08-18 04:53:58,2020-08-18 04:58:25,DEF-000001,DEF-000001,3,3,3,1,"[0.0, 0.33, 0.0, 0.33, 1.0]",1.0,267,"['A', 'B', 'E', 'F', 'C', 'D', 'H', 'G', 'I', 'J', 'P', 'Q', 'R', 'S']",{},{}
10,T,2020-08-18 04:58:25,2020-08-18 04:58:25,2020-08-18 05:01:08,DEF-000002,DEF-000002,3,3,3,1,"[0.0, 0.33, 0.0, 0.33, 1.0]",1.0,163,"['A', 'B', 'E', 'F', 'C', 'D', 'H', 'G', 'I', 'J', 'P', 'Q', 'R', 'S', 'T']",{},{}
11,C,2020-08-18 04:54:21,2020-08-18 04:54:21,2020-08-18 05:01:52,ABC-000001,ABC-000001,3,3,3,1,"[0.0, 0.33, 0.0, 0.33, 1.0]",1.0,451,"['A', 'B', 'E', 'F', 'C']",{},{}
10,I,2020-08-18 05:01:52,2020-08-18 05:01:52,2020-08-18 05:04:22,ABC-000001,ABC-000001,3,3,3,1,"[0.0, 0.0, 0.0, 0.33, 1.0]",1.0,150,"['A', 'B', 'E', 'F', 'C', 'D', 'H', 'G', 'I', 'J', 'P', 'Q', 'R', 'S', 'T', 'I']",{},{}
11,D,2020-08-18 05:04:22,2020-08-18 05:04:22,2020-08-18 05:13:55,ABC-000001,ABC-000001,3,3,3,1,"[0.0, 0.0, 0.0, 0.33, 1.0]",1.0,573,"['A', 'B', 'E', 'F', 'C', 'D']",{},{}
11,H,2020-08-18 05:13:55,2020-08-18 05:13:55,2020-08-18 05:18:27,ABC-000001,ABC-000001,3,3,3,1,"[0.0, 0.0, 0.0, 0.33, 1.0]",1.0,272,"['A', 'B', 'E', 'F', 'C', 'D', 'H']",{},{}
11,G,2020-08-18 05:18:27,2020-08-18 05:18:27,2020-08-18 05:19:27,ABC-000001,ABC-000001,3,3,3,1,"[0.0, 0.0, 0.0, 0.33, 1.0]",1.0,60,"['A', 'B', 'E', 'F', 'C', 'D', 'H', 'G']",{},{}
10,J,2020-08-18 05:19:27,2020-08-18 05:19:27,2020-08-18 05:20:47,ABC-000001,ABC-000001,3,3,3,1,"[0.0, 0.0, 0.0, 0.33, 1.0]",1.0,80,"['A', 'B', 'E', 'F', 'C', 'D', 'H', 'G', 'I', 'J', 'P', 'Q', 'R', 'S', 'T', 'I', 'J']",{},{}
10,K,2020-08-18 05:20:47,2020-08-18 05:20:47,2020-08-18 05:24:51,ABC-000001,ABC-000001,3,3,3,1,"[0.0, 0.0, 0.0, 0.33, 1.0]",1.0,244,"['A', 'B', 'E', 'F', 'C', 'D', 'H', 'G', 'I', 'J', 'P', 'Q', 'R', 'S', 'T', 'I', 'J', 'K']",{},{}
7,X,2020-08-18 04:36:39,2020-08-18 04:36:39,2020-08-18 05:44:51,GHI-000001,GHI-000001,2,3,3,1,"[0.0, 0.33, 0.0, 0.33, 1.0]",1.0,4092,"['A', 'B', 'E', 'F', 'C', 'D', 'H', 'G', 'I', 'J', 'P', 'Q', 'R', 'S', 'T', 'I', 'J', 'P', 'Q', 'R', 'S', 'T', 'I', 'J', 'K', 'M', 'U', 'V', 'X']",{},{}
7,R,2020-08-18 05:44:51,2020-08-18 05:44:51,2020-08-18 05:50:22,DEF-000002,DEF-000002,3,3,3,1,"[0.0, 0.33, 0.0, 0.0, 1.0]",1.0,331,"['A', 'B', 'E', 'F', 'C', 'D', 'H', 'G', 'I', 'J', 'P', 'Q', 'R', 'S', 'T', 'I', 'J', 'P', 'Q', 'R', 'S', 'T', 'I', 'J', 'K', 'M', 'U', 'V', 'X', 'R']",{},{}
11,I,2020-08-18 05:44:51,2020-08-18 05:44:51,2020-08-18 05:52:54,ABC-000001,ABC-000001,3,3,3,1,"[0.0, 0.33, 0.0, 0.0, 1.0]",1.0,483,"['A', 'B', 'E', 'F', 'C', 'D', 'H', 'G', 'I']",{},{}
7,S,2020-08-18 05:50:22,2020-08-18 05:50:22,2020-08-18 05:54:27,DEF-000001,DEF-000001,3,3,3,1,"[0.0, 0.33, 0.0, 0.0, 1.0]",1.0,245,"['A', 'B', 'E', 'F', 'C', 'D', 'H', 'G', 'I', 'J', 'P', 'Q', 'R', 'S', 'T', 'I', 'J', 'P', 'Q', 'R', 'S', 'T', 'I', 'J', 'K', 'M', 'U', 'V', 'X', 'R', 'S']",{},{}
7,T,2020-08-18 05:54:27,2020-08-18 05:54:27,2020-08-18 05:55:03,DEF-000002,DEF-000002,3,3,3,1,"[0.0, 0.33, 0.0, 0.0, 1.0]",1.0,36,"['A', 'B', 'E', 'F', 'C', 'D', 'H', 'G', 'I', 'J', 'P', 'Q', 'R', 'S', 'T', 'I', 'J', 'P', 'Q', 'R', 'S', 'T', 'I', 'J', 'K', 'M', 'U', 'V', 'X', 'R', 'S', 'T']",{},{}
10,O,2020-08-18 05:52:54,2020-08-18 05:52:54,2020-08-18 05:59:53,ABC-000001,ABC-000001,3,3,2,1,"[0.0, 0.33, 0.0, 0.0, 1.0]",1.0,419,"['A', 'B', 'E', 'F', 'C', 'D', 'H', 'G', 'I', 'J', 'P', 'Q', 'R', 'S', 'T', 'I', 'J', 'K', 'O']",{},{}
11,J,2020-08-18 05:59:53,2020-08-18 05:59:53,2020-08-18 06:03:30,ABC-000001,ABC-000001,2,2,2,1,"[0.33, 0.0, 0.0, 0.0, 1.0]",1.0,217,"['A', 'B', 'E', 'F', 'C', 'D', 'H', 'G', 'I', 'J']",{},{}
11,P,2020-08-18 06:03:30,2020-08-18 06:03:30,2020-08-18 06:07:13,ABC-000001,ABC-000001,2,2,2,1,"[0.33, 0.0, 0.0, 0.0, 1.0]",1.0,223,"['A', 'B', 'E', 'F', 'C', 'D', 'H', 'G', 'I', 'J', 'P']",{},{}
11,Q,2020-08-18 06:07:13,2020-08-18 06:07:13,2020-08-18 06:16:31,DEF-000002,DEF-000002,2,2,2,1,"[0.33, 0.33, 0.0, 0.0, 0.0]",1.0,558,"['A', 'B', 'E', 'F', 'C', 'D', 'H', 'G', 'I', 'J', 'P', 'Q']",{},{}
11,R,2020-08-18 06:16:31,2020-08-18 06:16:31,2020-08-18 06:21:57,DEF-000001,DEF-000001,2,2,2,1,"[0.33, 0.33, 0.0, 0.0, 0.0]",1.0,326,"['A', 'B', 'E', 'F', 'C', 'D', 'H', 'G', 'I', 'J', 'P', 'Q', 'R']",{},{}
11,S,2020-08-18 06:21:57,2020-08-18 06:21:57,2020-08-18 06:26:51,DEF-000001,DEF-000001,2,2,2,1,"[0.33, 0.33, 0.0, 0.0, 0.0]",1.0,294,"['A', 'B', 'E', 'F', 'C', 'D', 'H', 'G', 'I', 'J', 'P', 'Q', 'R', 'S']",{},{}
11,T,2020-08-18 06:26:51,2020-08-18 06:26:51,2020-08-18 06:30:17,DEF-000002,DEF-000002,2,2,2,1,"[0.33, 0.33, 0.0, 0.0, 0.0]",1.0,206,"['A', 'B', 'E', 'F', 'C', 'D', 'H', 'G', 'I', 'J', 'P', 'Q', 'R', 'S', 'T']",{},{}
10,BB,2020-08-18 05:59:53,2020-08-18 05:59:53,2020-08-18 07:21:00,MNO-000003,MNO-000003,2,2,1,1,"[0.33, 0.0, 0.0, 0.0, 1.0]",1.0,4867,"['A', 'B', 'E', 'F', 'C', 'D', 'H', 'G', 'I', 'J', 'P', 'Q', 'R', 'S', 'T', 'I', 'J', 'K', 'O', 'BB']",{},{}
10,CC,2020-08-18 07:21:00,2020-08-18 07:21:00,2020-08-18 07:27:34,MNO-000003,MNO-000003,1,1,1,1,"[0.33, 0.0, 0.0, 0.0, 0.0]",1.0,394,"['A', 'B', 'E', 'F', 'C', 'D', 'H', 'G', 'I', 'J', 'P', 'Q', 'R', 'S', 'T', 'I', 'J', 'K', 'O', 'BB', 'CC']",{},{}
12,A,2020-08-18 08:04:10,2020-08-18 08:04:10,2020-08-18 08:09:57,ABC-000001,ABC-000001,2,2,2,1,"[0.33, 0.0, 0.0, 0.0, 1.0]",1.0,347,['A'],{},{}
12,B,2020-08-18 08:09:57,2020-08-18 08:09:57,2020-08-18 08:14:23,ABC-000001,ABC-000001,2,2,2,1,"[0.33, 0.0, 0.0, 0.0, 1.0]",1.0,266,"['A', 'B']",{},{}
12,E,2020-08-18 08:14:23,2020-08-18 08:14:23,2020-08-18 08:18:03,ABC-000001,ABC-000001,2,2,2,1,"[0.33, 0.0, 0.0, 0.0, 1.0]",1.0,220,"['A', 'B', 'E']",{},{}
12,F,2020-08-18 08:18:03,2020-08-18 08:18:03,2020-08-18 08:22:08,ABC-000001,ABC-000001,2,2,2,1,"[0.33, 0.0, 0.0, 0.0, 1.0]",1.0,245,"['A', 'B', 'E', 'F']",{},{}
12,C,2020-08-18 08:22:08,2020-08-18 08:22:08,2020-08-18 08:29:34,ABC-000001,ABC-000001,2,2,2,1,"[0.33, 0.0, 0.0, 0.0, 1.0]",1.0,446,"['A', 'B', 'E', 'F', 'C']",{},{}
10,DD,2020-08-18 07:27:34,2020-08-18 07:27:34,2020-08-18 08:30:51,MNO-000002,MNO-000002,1,1,2,1,"[0.33, 0.0, 0.0, 0.0, 0.0]",1.0,3797,"['A', 'B', 'E', 'F', 'C', 'D', 'H', 'G', 'I', 'J', 'P', 'Q', 'R', 'S', 'T', 'I', 'J', 'K', 'O', 'BB', 'CC', 'DD']",{},{}
10,R,2020-08-18 08:30:51,2020-08-18 08:30:51,2020-08-18 08:36:13,DEF-000003,DEF-000003,2,2,2,1,"[0.0, 0.33, 0.0, 0.0, 1.0]",1.0,322,"['A', 'B', 'E', 'F', 'C', 'D', 'H', 'G', 'I', 'J', 'P', 'Q', 'R', 'S', 'T', 'I', 'J', 'K', 'O', 'BB', 'CC', 'DD', 'R']",{},{}
12,D,2020-08-18 08:29:34,2020-08-18 08:29:34,2020-08-18 08:39:47,ABC-000001,ABC-000001,2,2,2,1,"[0.33, 0.0, 0.0, 0.0, 1.0]",1.0,613,"['A', 'B', 'E', 'F', 'C', 'D']",{},{}
10,S,2020-08-18 08:36:13,2020-08-18 08:36:13,2020-08-18 08:40:43,DEF-000003,DEF-000003,2,2,2,1,"[0.0, 0.33, 0.0, 0.0, 1.0]",1.0,270,"['A', 'B', 'E', 'F', 'C', 'D', 'H', 'G', 'I', 'J', 'P', 'Q', 'R', 'S', 'T', 'I', 'J', 'K', 'O', 'BB', 'CC', 'DD', 'R', 'S']",{},{}
10,T,2020-08-18 08:40:43,2020-08-18 08:40:43,2020-08-18 08:41:37,DEF-000002,DEF-000002,2,2,2,1,"[0.0, 0.33, 0.0, 0.0, 1.0]",1.0,54,"['A', 'B', 'E', 'F', 'C', 'D', 'H', 'G', 'I', 'J', 'P', 'Q', 'R', 'S', 'T', 'I', 'J', 'K', 'O', 'BB', 'CC', 'DD', 'R', 'S', 'T']",{},{}
12,H,2020-08-18 08:39:47,2020-08-18 08:39:47,2020-08-18 08:44:29,ABC-000001,ABC-000001,2,2,1,1,"[0.0, 0.33, 0.0, 0.0, 1.0]",1.0,282,"['A', 'B', 'E', 'F', 'C', 'D', 'H']",{},{}
12,G,2020-08-18 08:44:29,2020-08-18 08:44:29,2020-08-18 08:45:38,ABC-000001,ABC-000001,1,1,1,1,"[0.0, 0.0, 0.0, 0.0, 1.0]",1.0,69,"['A', 'B', 'E', 'F', 'C', 'D', 'H', 'G']",{},{}
12,I,2020-08-18 08:45:38,2020-08-18 08:45:38,2020-08-18 08:53:12,ABC-000001,ABC-000001,1,1,1,1,"[0.0, 0.0, 0.0, 0.0, 1.0]",1.0,454,"['A', 'B', 'E', 'F', 'C', 'D', 'H', 'G', 'I']",{},{}
12,J,2020-08-18 08:53:12,2020-08-18 08:53:12,2020-08-18 08:57:13,ABC-000001,ABC-000001,1,1,1,1,"[0.0, 0.0, 0.0, 0.0, 1.0]",1.0,241,"['A', 'B', 'E', 'F', 'C', 'D', 'H', 'G', 'I', 'J']",{},{}
12,P,2020-08-18 10:36:41,2020-08-18 10:36:41,2020-08-18 10:40:39,ABC-000001,ABC-000001,1,1,1,1,"[0.0, 0.0, 0.0, 0.0, 1.0]",1.0,238,"['A', 'B', 'E', 'F', 'C', 'D', 'H', 'G', 'I', 'J', 'P']",{},{}
14,A,2020-08-18 10:40:39,2020-08-18 10:40:39,2020-08-18 10:46:11,ABC-000001,ABC-000001,2,2,2,1,"[0.0, 0.33, 0.0, 0.0, 1.0]",1.0,332,['A'],{},{}
13,A,2020-08-18 10:46:11,2020-08-18 10:46:11,2020-08-18 10:51:43,ABC-000001,ABC-000001,3,3,3,1,"[0.0, 0.33, 0.0, 0.0, 1.0]",1.0,332,['A'],{},{}
13,B,2020-08-18 10:51:43,2020-08-18 10:51:43,2020-08-18 10:55:57,ABC-000001,ABC-000001,3,3,3,1,"[0.0, 0.33, 0.0, 0.0, 1.0]",1.0,254,"['A', 'B']",{},{}
12,Q,2020-08-18 10:40:39,2020-08-18 10:40:39,2020-08-18 10:56:31,DEF-000001,DEF-000001,1,2,3,1,"[0.0, 0.33, 0.0, 0.0, 1.0]",1.0,952,"['A', 'B', 'E', 'F', 'C', 'D', 'H', 'G', 'I', 'J', 'P', 'Q']",{},{}
14,B,2020-08-18 10:55:57,2020-08-18 10:55:57,2020-08-18 11:00:11,ABC-000001,ABC-000001,3,3,3,1,"[0.0, 0.33, 0.0, 0.0, 1.0]",1.0,254,"['A', 'B']",{},{}
12,R,2020-08-18 10:56:31,2020-08-18 10:56:31,2020-08-18 11:02:19,DEF-000002,DEF-000002,3,3,3,1,"[0.0, 0.33, 0.0, 0.0, 1.0]",1.0,348,"['A', 'B', 'E', 'F', 'C', 'D', 'H', 'G', 'I', 'J', 'P', 'Q', 'R']",{},{}
14,E,2020-08-18 11:02:19,2020-08-18 11:02:19,2020-08-18 11:05:56,ABC-000001,ABC-000001,3,3,3,1,"[0.0, 0.33, 0.0, 0.0, 1.0]",1.0,217,"['A', 'B', 'E']",{},{}
12,S,2020-08-18 11:02:19,2020-08-18 11:02:19,2020-08-18 11:07:21,DEF-000003,DEF-000003,3,3,3,1,"[0.0, 0.33, 0.0, 0.0, 1.0]",1.0,302,"['A', 'B', 'E', 'F', 'C', 'D', 'H', 'G', 'I', 'J', 'P', 'Q', 'R', 'S']",{},{}
13,E,2020-08-18 11:05:56,2020-08-18 11:05:56,2020-08-18 11:09:33,ABC-000001,ABC-000001,3,3,3,1,"[0.0, 0.33, 0.0, 0.0, 1.0]",1.0,217,"['A', 'B', 'E']",{},{}
12,T,2020-08-18 11:07:21,2020-08-18 11:07:21,2020-08-18 11:10:49,DEF-000003,DEF-000003,3,3,3,1,"[0.0, 0.33, 0.0, 0.0, 1.0]",1.0,208,"['A', 'B', 'E', 'F', 'C', 'D', 'H', 'G', 'I', 'J', 'P', 'Q', 'R', 'S', 'T']",{},{}
13,F,2020-08-18 11:09:33,2020-08-18 11:09:33,2020-08-18 11:13:37,ABC-000001,ABC-000001,3,3,3,1,"[0.0, 0.33, 0.0, 0.0, 1.0]",1.0,244,"['A', 'B', 'E', 'F']",{},{}
14,F,2020-08-18 11:13:37,2020-08-18 11:13:37,2020-08-18 11:17:42,ABC-000001,ABC-000001,3,3,3,1,"[0.0, 0.0, 0.0, 0.0, 1.0]",1.0,245,"['A', 'B', 'E', 'F']",{},{}
12,I,2020-08-18 11:17:42,2020-08-18 11:17:42,2020-08-18 11:20:39,ABC-000001,ABC-000001,3,3,3,1,"[0.0, 0.0, 0.0, 0.0, 1.0]",1.0,177,"['A', 'B', 'E', 'F', 'C', 'D', 'H', 'G', 'I', 'J', 'P', 'Q', 'R', 'S', 'T', 'I']",{},{}
15,A,2020-08-18 11:20:39,2020-08-18 11:20:39,2020-08-18 11:26:21,ABC-000001,ABC-000001,4,4,4,1,"[0.0, 0.0, 0.0, 0.0, 1.0]",1.0,342,['A'],{},{}
12,J,2020-08-18 11:26:21,2020-08-18 11:26:21,2020-08-18 11:27:56,ABC-000001,ABC-000001,4,4,4,1,"[0.0, 0.0, 0.0, 0.0, 1.0]",1.0,95,"['A', 'B', 'E', 'F', 'C', 'D', 'H', 'G', 'I', 'J', 'P', 'Q', 'R', 'S', 'T', 'I', 'J']",{},{}
14,C,2020-08-18 11:27:56,2020-08-18 11:27:56,2020-08-18 11:35:09,ABC-000001,ABC-000001,4,4,4,1,"[0.0, 0.0, 0.0, 0.0, 1.0]",1.0,433,"['A', 'B', 'E', 'F', 'C']",{},{}
12,P,2020-08-18 11:35:09,2020-08-18 11:35:09,2020-08-18 11:40:00,ABC-000001,ABC-000001,4,4,4,1,"[0.0, 0.0, 0.0, 0.0, 1.0]",1.0,291,"['A', 'B', 'E', 'F', 'C', 'D', 'H', 'G', 'I', 'J', 'P', 'Q', 'R', 'S', 'T', 'I', 'J', 'P']",{},{}
15,B,2020-08-18 11:40:00,2020-08-18 11:40:00,2020-08-18 11:44:14,ABC-000001,ABC-000001,4,4,4,1,"[0.0, 0.33, 0.0, 0.0, 1.0]",1.0,254,"['A', 'B']",{},{}
14,D,2020-08-18 11:44:14,2020-08-18 11:44:14,2020-08-18 11:53:19,ABC-000001,ABC-000001,4,4,4,1,"[0.0, 0.33, 0.0, 0.0, 1.0]",1.0,545,"['A', 'B', 'E', 'F', 'C', 'D']",{},{}
12,Q,2020-08-18 11:40:00,2020-08-18 11:40:00,2020-08-18 11:55:08,DEF-000002,DEF-000002,4,4,4,1,"[0.0, 0.33, 0.0, 0.0, 1.0]",1.0,908,"['A', 'B', 'E', 'F', 'C', 'D', 'H', 'G', 'I', 'J', 'P', 'Q', 'R', 'S', 'T', 'I', 'J', 'P', 'Q']",{},{}
14,H,2020-08-18 11:53:19,2020-08-18 11:53:19,2020-08-18 11:57:29,ABC-000001,ABC-000001,4,4,4,1,"[0.0, 0.33, 0.0, 0.0, 1.0]",1.0,250,"['A', 'B', 'E', 'F', 'C', 'D', 'H']",{},{}
14,G,2020-08-18 11:57:29,2020-08-18 11:57:29,2020-08-18 11:58:33,ABC-000001,ABC-000001,4,4,4,1,"[0.0, 0.33, 0.0, 0.0, 1.0]",1.0,64,"['A', 'B', 'E', 'F', 'C', 'D', 'H', 'G']",{},{}
13,C,2020-08-18 11:58:33,2020-08-18 11:58:33,2020-08-18 12:05:42,ABC-000001,ABC-000001,4,4,4,1,"[0.0, 0.33, 0.0, 0.0, 1.0]",1.0,429,"['A', 'B', 'E', 'F', 'C']",{},{}
12,R,2020-08-18 11:55:08,2020-08-18 11:55:08,2020-08-18 12:09:23,DEF-000002,DEF-000002,4,4,4,1,"[0.0, 0.33, 0.0, 0.0, 1.0]",1.0,855,"['A', 'B', 'E', 'F', 'C', 'D', 'H', 'G', 'I', 'J', 'P', 'Q', 'R', 'S', 'T', 'I', 'J', 'P', 'Q', 'R']",{},{}
14,I,2020-08-18 12:05:42,2020-08-18 12:05:42,2020-08-18 12:12:43,ABC-000001,ABC-000001,4,4,4,1,"[0.0, 0.33, 0.0, 0.0, 1.0]",1.0,421,"['A', 'B', 'E', 'F', 'C', 'D', 'H', 'G', 'I']",{},{}
14,J,2020-08-18 12:12:43,2020-08-18 12:12:43,2020-08-18 12:16:24,ABC-000001,ABC-000001,4,4,4,1,"[0.0, 0.33, 0.0, 0.0, 1.0]",1.0,221,"['A', 'B', 'E', 'F', 'C', 'D', 'H', 'G', 'I', 'J']",{},{}
12,S,2020-08-18 12:09:23,2020-08-18 12:09:23,2020-08-18 12:18:10,DEF-000003,DEF-000003,4,4,4,1,"[0.0, 0.33, 0.0, 0.0, 1.0]",1.0,527,"['A', 'B', 'E', 'F', 'C', 'D', 'H', 'G', 'I', 'J', 'P', 'Q', 'R', 'S', 'T', 'I', 'J', 'P', 'Q', 'R', 'S']",{},{}
15,E,2020-08-18 12:16:24,2020-08-18 12:16:24,2020-08-18 12:20:00,ABC-000001,ABC-000001,4,4,4,1,"[0.0, 0.33, 0.0, 0.0, 1.0]",1.0,216,"['A', 'B', 'E']",{},{}
12,T,2020-08-18 12:18:10,2020-08-18 12:18:10,2020-08-18 12:20:22,DEF-000001,DEF-000001,4,4,4,1,"[0.0, 0.33, 0.0, 0.0, 1.0]",1.0,132,"['A', 'B', 'E', 'F', 'C', 'D', 'H', 'G', 'I', 'J', 'P', 'Q', 'R', 'S', 'T', 'I', 'J', 'P', 'Q', 'R', 'S', 'T']",{},{}
14,P,2020-08-18 12:20:00,2020-08-18 12:20:00,2020-08-18 12:23:40,ABC-000001,ABC-000001,4,4,4,1,"[0.0, 0.33, 0.0, 0.0, 1.0]",1.0,220,"['A', 'B', 'E', 'F', 'C', 'D', 'H', 'G', 'I', 'J', 'P']",{},{}
13,D,2020-08-18 12:23:40,2020-08-18 12:23:40,2020-08-18 12:32:44,ABC-000001,ABC-000001,4,4,4,1,"[0.0, 0.33, 0.0, 0.0, 1.0]",1.0,544,"['A', 'B', 'E', 'F', 'C', 'D']",{},{}
12,I,2020-08-18 12:32:44,2020-08-18 12:32:44,2020-08-18 12:34:16,ABC-000001,ABC-000001,4,4,4,1,"[0.0, 0.33, 0.0, 0.0, 1.0]",1.0,92,"['A', 'B', 'E', 'F', 'C', 'D', 'H', 'G', 'I', 'J', 'P', 'Q', 'R', 'S', 'T', 'I', 'J', 'P', 'Q', 'R', 'S', 'T', 'I']",{},{}
14,Q,2020-08-18 12:23:40,2020-08-18 12:23:40,2020-08-18 12:36:01,DEF-000001,DEF-000001,4,4,5,1,"[0.0, 0.33, 0.0, 0.0, 1.0]",1.0,741,"['A', 'B', 'E', 'F', 'C', 'D', 'H', 'G', 'I', 'J', 'P', 'Q']",{},{}
16,A,2020-08-18 12:34:16,2020-08-18 12:34:16,2020-08-18 12:39:48,ABC-000001,ABC-000001,5,5,5,1,"[0.0, 0.33, 0.0, 0.0, 1.0]",1.0,332,['A'],{},{}
12,J,2020-08-18 12:39:48,2020-08-18 12:39:48,2020-08-18 12:41:04,ABC-000001,ABC-000001,5,5,5,1,"[0.0, 0.33, 0.0, 0.0, 1.0]",1.0,76,"['A', 'B', 'E', 'F', 'C', 'D', 'H', 'G', 'I', 'J', 'P', 'Q', 'R', 'S', 'T', 'I', 'J', 'P', 'Q', 'R', 'S', 'T', 'I', 'J']",{},{}
14,R,2020-08-18 12:36:01,2020-08-18 12:36:01,2020-08-18 12:41:15,DEF-000003,DEF-000003,5,5,5,1,"[0.0, 0.33, 0.0, 0.0, 1.0]",1.0,314,"['A', 'B', 'E', 'F', 'C', 'D', 'H', 'G', 'I', 'J', 'P', 'Q', 'R']",{},{}
14,S,2020-08-18 12:41:15,2020-08-18 12:41:15,2020-08-18 12:45:52,DEF-000002,DEF-000002,5,5,5,1,"[0.0, 0.33, 0.0, 0.0, 1.0]",1.0,277,"['A', 'B', 'E', 'F', 'C', 'D', 'H', 'G', 'I', 'J', 'P', 'Q', 'R', 'S']",{},{}
12,K,2020-08-18 12:41:04,2020-08-18 12:41:04,2020-08-18 12:46:01,ABC-000001,ABC-000001,5,5,5,1,"[0.0, 0.33, 0.0, 0.0, 1.0]",1.0,297,"['A', 'B', 'E', 'F', 'C', 'D', 'H', 'G', 'I', 'J', 'P', 'Q', 'R', 'S', 'T', 'I', 'J', 'P', 'Q', 'R', 'S', 'T', 'I', 'J', 'K']",{},{}
14,T,2020-08-18 12:45:52,2020-08-18 12:45:52,2020-08-18 12:49:04,DEF-000001,DEF-000001,5,5,5,1,"[0.0, 0.33, 0.0, 0.0, 1.0]",1.0,192,"['A', 'B', 'E', 'F', 'C', 'D', 'H', 'G', 'I', 'J', 'P', 'Q', 'R', 'S', 'T']",{},{}
13,H,2020-08-18 12:46:01,2020-08-18 12:46:01,2020-08-18 12:50:09,ABC-000001,ABC-000001,5,5,5,1,"[0.0, 0.33, 0.0, 0.0, 1.0]",1.0,248,"['A', 'B', 'E', 'F', 'C', 'D', 'H']",{},{}
13,G,2020-08-18 12:50:09,2020-08-18 12:50:09,2020-08-18 12:51:08,ABC-000001,ABC-000001,5,5,5,1,"[0.0, 0.0, 0.0, 0.0, 1.0]",1.0,59,"['A', 'B', 'E', 'F', 'C', 'D', 'H', 'G']",{},{}
16,B,2020-08-18 12:51:08,2020-08-18 12:51:08,2020-08-18 12:55:25,ABC-000001,ABC-000001,5,5,5,1,"[0.0, 0.0, 0.0, 0.0, 1.0]",1.0,257,"['A', 'B']",{},{}
12,L,2020-08-18 12:55:25,2020-08-18 12:55:25,2020-08-18 13:04:24,ABC-000001,ABC-000001,5,5,5,1,"[0.0, 0.0, 0.0, 0.0, 1.0]",1.0,539,"['A', 'B', 'E', 'F', 'C', 'D', 'H', 'G', 'I', 'J', 'P', 'Q', 'R', 'S', 'T', 'I', 'J', 'P', 'Q', 'R', 'S', 'T', 'I', 'J', 'K', 'L']",{},{}
13,I,2020-08-18 13:04:24,2020-08-18 13:04:24,2020-08-18 13:11:15,ABC-000001,ABC-000001,4,4,4,1,"[0.0, 0.0, 0.0, 0.0, 1.0]",1.0,411,"['A', 'B', 'E', 'F', 'C', 'D', 'H', 'G', 'I']",{},{}
13,J,2020-08-18 13:11:15,2020-08-18 13:11:15,2020-08-18 13:14:44,ABC-000001,ABC-000001,4,4,4,1,"[0.0, 0.0, 0.0, 0.0, 1.0]",1.0,209,"['A', 'B', 'E', 'F', 'C', 'D', 'H', 'G', 'I', 'J']",{},{}
15,F,2020-08-18 13:14:44,2020-08-18 13:14:44,2020-08-18 13:18:49,ABC-000001,ABC-000001,4,4,4,1,"[0.0, 0.0, 0.0, 0.0, 1.0]",1.0,245,"['A', 'B', 'E', 'F']",{},{}
13,K,2020-08-18 13:18:49,2020-08-18 13:18:49,2020-08-18 13:22:18,ABC-000001,ABC-000001,4,4,4,1,"[0.0, 0.0, 0.0, 0.0, 1.0]",1.0,209,"['A', 'B', 'E', 'F', 'C', 'D', 'H', 'G', 'I', 'J', 'K']",{},{}
15,C,2020-08-18 13:22:18,2020-08-18 13:22:18,2020-08-18 13:29:40,ABC-000001,ABC-000001,4,4,4,1,"[0.0, 0.0, 0.0, 0.0, 1.0]",1.0,442,"['A', 'B', 'E', 'F', 'C']",{},{}
15,D,2020-08-18 13:29:40,2020-08-18 13:29:40,2020-08-18 13:39:10,ABC-000001,ABC-000001,4,4,4,1,"[0.0, 0.0, 0.0, 0.0, 1.0]",1.0,570,"['A', 'B', 'E', 'F', 'C', 'D']",{},{}
16,E,2020-08-18 13:39:10,2020-08-18 13:39:10,2020-08-18 13:42:47,ABC-000001,ABC-000001,4,4,4,1,"[0.0, 0.0, 0.0, 0.0, 1.0]",1.0,217,"['A', 'B', 'E']",{},{}
14,I,2020-08-18 13:42:47,2020-08-18 13:42:47,2020-08-18 13:45:37,ABC-000001,ABC-000001,4,4,4,1,"[0.0, 0.0, 0.0, 0.0, 1.0]",1.0,170,"['A', 'B', 'E', 'F', 'C', 'D', 'H', 'G', 'I', 'J', 'P', 'Q', 'R', 'S', 'T', 'I']",{},{}
13,N,2020-08-18 13:45:37,2020-08-18 13:45:37,2020-08-18 13:49:08,ABC-000001,ABC-000001,4,4,4,1,"[0.0, 0.0, 0.0, 0.0, 1.0]",1.0,211,"['A', 'B', 'E', 'F', 'C', 'D', 'H', 'G', 'I', 'J', 'K', 'N']",{},{}
15,H,2020-08-18 13:49:08,2020-08-18 13:49:08,2020-08-18 13:53:25,ABC-000001,ABC-000001,4,4,4,1,"[0.0, 0.0, 0.33, 0.0, 1.0]",1.0,257,"['A', 'B', 'E', 'F', 'C', 'D', 'H']",{},{}
15,G,2020-08-18 13:53:25,2020-08-18 13:53:25,2020-08-18 13:54:35,ABC-000001,ABC-000001,4,4,4,1,"[0.0, 0.0, 0.33, 0.0, 1.0]",1.0,70,"['A', 'B', 'E', 'F', 'C', 'D', 'H', 'G']",{},{}
14,J,2020-08-18 13:54:35,2020-08-18 13:54:35,2020-08-18 13:56:21,ABC-000001,ABC-000001,4,4,4,1,"[0.0, 0.0, 0.33, 0.0, 1.0]",1.0,106,"['A', 'B', 'E', 'F', 'C', 'D', 'H', 'G', 'I', 'J', 'P', 'Q', 'R', 'S', 'T', 'I', 'J']",{},{}
15,I,2020-08-18 13:56:21,2020-08-18 13:56:21,2020-08-18 14:02:37,ABC-000001,ABC-000001,4,4,4,1,"[0.0, 0.0, 0.33, 0.0, 1.0]",1.0,376,"['A', 'B', 'E', 'F', 'C', 'D', 'H', 'G', 'I']",{},{}
15,J,2020-08-18 14:02:37,2020-08-18 14:02:37,2020-08-18 14:06:24,ABC-000001,ABC-000001,4,4,4,1,"[0.0, 0.0, 0.33, 0.0, 1.0]",1.0,227,"['A', 'B', 'E', 'F', 'C', 'D', 'H', 'G', 'I', 'J']",{},{}
17,A,2020-08-18 14:06:24,2020-08-18 14:06:24,2020-08-18 14:12:04,ABC-000001,ABC-000001,5,5,5,1,"[0.0, 0.0, 0.33, 0.0, 1.0]",1.0,340,['A'],{},{}
15,K,2020-08-18 14:12:04,2020-08-18 14:12:04,2020-08-18 14:15:58,ABC-000001,ABC-000001,5,5,5,1,"[0.0, 0.0, 0.33, 0.0, 1.0]",1.0,234,"['A', 'B', 'E', 'F', 'C', 'D', 'H', 'G', 'I', 'J', 'K']",{},{}
16,F,2020-08-18 14:15:58,2020-08-18 14:15:58,2020-08-18 14:20:00,ABC-000001,ABC-000001,5,5,5,1,"[0.0, 0.0, 0.33, 0.0, 1.0]",1.0,242,"['A', 'B', 'E', 'F']",{},{}
14,P,2020-08-18 14:20:00,2020-08-18 14:20:00,2020-08-18 14:24:27,ABC-000001,ABC-000001,5,5,5,1,"[0.0, 0.0, 0.33, 0.0, 1.0]",1.0,267,"['A', 'B', 'E', 'F', 'C', 'D', 'H', 'G', 'I', 'J', 'P', 'Q', 'R', 'S', 'T', 'I', 'J', 'P']",{},{}
16,C,2020-08-18 14:24:27,2020-08-18 14:24:27,2020-08-18 14:31:16,ABC-000001,ABC-000001,5,5,5,1,"[0.0, 0.33, 0.33, 0.0, 1.0]",1.0,409,"['A', 'B', 'E', 'F', 'C']",{},{}
17,B,2020-08-18 14:31:16,2020-08-18 14:31:16,2020-08-18 14:35:27,ABC-000001,ABC-000001,5,5,5,1,"[0.0, 0.33, 0.33, 0.0, 1.0]",1.0,251,"['A', 'B']",{},{}
